game_id,HomeTeam,AwayTeam,HomeScore,AwayScore,Home_xG,Away_xG,Home_shots,Away_shots,Home_corner,Away_corner,Home_PK_Goal,Away_PK_Goal,Home_PK_shots,Away_PK_shots,Home_ToP,game_ordered_id,home_elo_start,away_elo_start,home_elo_end,away_elo_end
game_2023_1,PRO,MAN,1,1,1.63,0.34,17,8,5,4,0,0,0,0,0.53,1,1500.0,1500.0,1512.5,1487.5
game_2023_2,FOR,LEX,1,0,0.98,0.9,9,11,5,2,0,0,0,0,0.57,2,1500.0,1500.0,1512.5,1487.5
game_2023_3,SJU,DES,1,2,1.23,1.11,16,9,6,7,0,0,0,0,0.47,3,1500.0,1500.0,1487.5,1512.5
game_2023_4,FAR,ANC,0,1,2.27,1.08,4,14,8,3,0,0,0,0,0.51,4,1500.0,1500.0,1487.5,1512.5
game_2023_5,DOV,BAK,0,0,1.9,0.56,17,6,5,3,0,0,0,0,0.53,5,1500.0,1500.0,1512.5,1487.5
game_2023_6,ALB,LAR,1,1,0.62,0.78,11,17,9,4,0,0,0,0,0.54,6,1500.0,1500.0,1487.5,1512.5
game_2023_7,SAS,MOB,0,0,0.75,0.38,14,12,7,6,0,0,0,0,0.44,7,1500.0,1500.0,1512.5,1487.5
game_2023_8,CHM,EUG,0,0,1.54,1.18,11,3,8,0,0,0,0,0,0.57,8,1500.0,1500.0,1512.5,1487.5
game_2023_9,TOL,JAC,1,2,1.2,1.2,17,20,6,4,0,0,0,0,0.49,9,1500.0,1500.0,1487.5,1512.5
game_2023_10,REN,OAK,1,1,0.7,0.17,7,7,4,6,0,0,0,0,0.57,10,1500.0,1500.0,1512.5,1487.5
game_2023_11,SFS,AUG,1,1,1.34,1.2,6,11,2,1,0,0,0,0,0.54,11,1500.0,1500.0,1512.5,1487.5
game_2023_12,TUC,BOI,1,5,1.06,2.09,17,14,7,7,0,0,1,1,0.53,12,1500.0,1500.0,1487.5,1512.5
game_2023_13,LRO,TAC,1,1,2.17,0.23,13,5,8,5,0,0,0,1,0.44,13,1500.0,1500.0,1512.5,1487.5
game_2023_14,ANC,LRO,1,0,1.74,1.0,17,9,4,5,0,0,0,0,0.36,14,1512.5,1512.5,1525.0,1500.0
game_2023_15,WIC,CHM,1,1,1.29,0.91,16,11,13,4,0,0,0,0,0.46,15,1500.0,1512.5,1512.9495297093192,1499.5504702906808
game_2023_16,LAR,SAS,2,1,1.88,0.32,18,3,3,2,0,0,0,0,0.48,16,1512.5,1512.5,1525.0,1500.0
game_2023_17,LEX,SJU,0,0,0.49,0.28,12,9,3,5,0,0,0,0,0.49,17,1487.5,1487.5,1500.0,1475.0
game_2023_18,TAC,TUC,1,3,0.9,2.11,18,18,7,10,0,0,0,0,0.58,18,1487.5,1487.5,1475.0,1500.0
game_2023_19,DES,SFS,2,2,1.42,0.87,20,10,6,8,0,0,0,1,0.49,19,1512.5,1512.5,1525.0,1500.0
game_2023_20,BAK,OAK,1,2,1.27,1.64,9,20,2,3,0,0,0,0,0.55,20,1487.5,1487.5,1475.0,1500.0
game_2023_21,EUG,AUG,2,1,1.16,1.44,10,11,5,5,0,0,0,0,0.53,21,1487.5,1487.5,1500.0,1475.0
game_2023_22,MAN,TOL,3,1,0.67,1.53,19,18,9,9,0,0,0,0,0.53,22,1487.5,1487.5,1500.0,1475.0
game_2023_23,JAC,DOV,2,3,1.01,2.42,7,17,5,5,0,0,0,0,0.65,23,1512.5,1512.5,1500.0,1525.0
game_2023_24,MOB,SPR,1,0,1.42,0.7,15,6,6,4,0,0,1,1,0.67,24,1487.5,1500.0,1500.4495297093192,1487.0504702906808
game_2023_25,BOI,REN,1,1,2.21,0.78,24,9,10,0,0,0,0,0,0.48,25,1512.5,1512.5,1525.0,1500.0
game_2023_26,FOR,PRO,1,2,2.05,0.77,17,14,2,2,0,0,0,0,0.58,26,1512.5,1512.5,1500.0,1525.0
game_2023_27,FAR,ALB,3,2,2.26,1.16,17,10,8,6,0,0,1,0,0.69,27,1487.5,1487.5,1500.0,1475.0
game_2023_28,ALB,FOR,2,2,1.04,1.25,15,12,1,2,0,0,0,0,0.39,28,1475.0,1500.0,1463.3978981736275,1511.6021018263725
game_2023_29,SJU,MAN,1,2,2.31,2.1,19,20,4,3,0,0,1,0,0.55,29,1475.0,1500.0,1463.3978981736275,1511.6021018263725
game_2023_30,TOL,LEX,1,1,2.18,1.27,22,9,6,4,0,0,0,0,0.69,30,1475.0,1500.0,1488.3978981736275,1486.6021018263725
game_2023_31,REN,SFS,0,1,1.5,0.83,18,10,4,7,0,0,0,0,0.37,31,1500.0,1500.0,1487.5,1512.5
game_2023_32,PRO,FAR,3,1,1.61,1.16,16,19,9,2,0,0,0,0,0.47,32,1525.0,1500.0,1536.6021018263725,1488.3978981736275
game_2023_33,AUG,JAC,0,2,1.63,1.16,9,8,2,2,0,0,0,0,0.51,33,1475.0,1500.0,1463.3978981736275,1511.6021018263725
game_2023_34,SAS,OAK,0,2,0.29,0.99,10,15,2,2,0,0,0,0,0.57,34,1500.0,1500.0,1487.5,1512.5
game_2023_35,LAR,BOI,3,0,2.03,0.5,14,7,4,5,0,0,0,0,0.5,35,1525.0,1525.0,1537.5,1512.5
game_2023_36,DOV,WIC,0,2,1.11,1.34,9,13,7,4,0,0,0,0,0.31,36,1525.0,1512.9495297093192,1512.066623248041,1525.8829064612783
game_2023_37,ANC,TAC,3,1,3.05,0.81,17,5,6,1,0,0,1,1,0.44,37,1525.0,1475.0,1535.7134220647904,1464.2865779352096
game_2023_38,CHM,MOB,0,2,1.85,1.14,15,5,6,2,0,0,0,0,0.48,38,1499.5504702906808,1500.4495297093192,1487.0828164812176,1512.9171835187824
game_2023_39,TUC,EUG,3,1,2.18,0.51,14,10,4,9,1,0,1,0,0.58,39,1500.0,1500.0,1512.5,1487.5
game_2023_40,LRO,DES,1,1,1.67,0.55,14,9,7,3,0,0,0,0,0.6,40,1500.0,1525.0,1513.3978981736275,1511.6021018263725
game_2023_41,SPR,BAK,3,3,0.9,1.18,11,8,4,4,0,0,0,1,0.48,41,1487.0504702906808,1475.0,1474.1170935387217,1487.933376751959
game_2023_42,TUC,ANC,2,0,1.67,0.95,14,16,5,2,0,0,0,0,0.58,42,1512.5,1535.7134220647904,1525.8339294600462,1522.3794926047442
game_2023_43,MOB,SJU,0,1,0.57,1.49,5,9,9,8,0,0,1,0,0.5,43,1512.9171835187824,1463.3978981736275,1498.6475507209773,1477.6675309714326
game_2023_44,LEX,PRO,0,1,1.14,0.58,12,8,5,6,0,0,0,0,0.49,44,1486.6021018263725,1536.6021018263725,1475.8886797615821,1547.315523891163
game_2023_45,LRO,JAC,0,1,0.95,1.89,11,11,8,3,0,0,0,0,0.54,45,1513.3978981736275,1511.6021018263725,1500.8332897818023,1524.1667102181977
game_2023_46,DES,LAR,1,2,0.58,1.33,14,17,2,7,0,0,0,1,0.49,46,1511.6021018263725,1537.5,1500.0321317619694,1549.0699700644032
game_2023_47,BOI,OAK,2,0,1.38,0.41,18,14,4,11,0,0,0,0,0.42,47,1512.5,1512.5,1525.0,1500.0
game_2023_48,SFS,TOL,2,1,1.63,1.05,20,10,6,6,0,0,0,0,0.62,48,1512.5,1488.3978981736275,1524.1342455203642,1476.7636526532633
game_2023_49,AUG,DOV,3,3,0.84,0.82,10,18,7,3,0,0,0,0,0.73,49,1463.3978981736275,1512.066623248041,1477.637532588846,1497.8269888328225
game_2023_50,SAS,ALB,2,1,1.53,0.55,20,2,6,1,0,0,0,0,0.49,50,1487.5,1463.3978981736275,1499.1342455203642,1451.7636526532633
game_2023_51,BAK,WIC,1,2,1.45,1.15,5,10,7,5,0,0,0,0,0.38,51,1487.933376751959,1525.8829064612783,1476.793316808902,1537.0229664043352
game_2023_52,MAN,TAC,4,1,1.84,0.09,12,6,7,4,0,0,0,0,0.54,52,1511.6021018263725,1464.2865779352096,1522.4102354265308,1453.4784443350513
game_2023_53,SPR,CHM,2,1,0.83,0.69,12,15,5,6,0,0,1,1,0.44,53,1474.1170935387217,1487.0828164812176,1487.083356491078,1474.1165535288615
game_2023_54,FOR,REN,0,4,1.92,1.21,10,18,6,4,0,0,0,0,0.61,54,1511.6021018263725,1487.5,1498.2363473467367,1500.8657544796358
game_2023_55,FAR,EUG,1,0,1.24,0.84,14,11,4,5,0,0,0,0,0.62,55,1488.3978981736275,1487.5,1500.865593761959,1475.0323044116685
game_2023_56,DES,LEX,2,1,1.48,1.05,15,5,6,7,0,0,0,0,0.58,56,1500.0321317619694,1475.8886797615821,1511.6648967389015,1464.25591478465
game_2023_57,TAC,BOI,0,2,1.57,1.01,17,15,4,0,0,0,0,0,0.61,57,1453.4784443350513,1525.0,1443.515897189883,1534.9625471451684
game_2023_58,ALB,TOL,1,2,1.09,1.91,7,15,10,9,0,0,0,0,0.52,58,1451.7636526532633,1476.7636526532633,1440.1615508268908,1488.3657544796358
game_2023_59,SJU,LRO,0,0,1.36,1.32,17,8,4,5,0,0,0,0,0.44,59,1477.6675309714326,1500.8332897818023,1490.9997532247864,1487.5010675284484
game_2023_60,WIC,FOR,1,1,1.42,2.16,10,8,3,5,0,0,0,0,0.64,60,1537.0229664043352,1498.2363473467367,1523.1332739668762,1512.1260397841957
game_2023_61,DOV,DES,1,2,2.21,0.32,19,4,7,7,0,0,1,0,0.42,61,1497.8269888328225,1511.6648967389015,1485.8245845016604,1523.6673010700636
game_2023_62,MAN,SAS,1,1,1.63,0.54,22,3,3,7,0,0,0,0,0.53,62,1522.4102354265308,1499.1342455203642,1534.074064953414,1487.4704159934809
game_2023_63,PRO,TUC,4,0,1.61,0.65,24,11,2,2,0,0,0,0,0.54,63,1547.315523891163,1525.8339294600462,1559.0436447408065,1514.1058086104026
game_2023_64,TOL,FAR,2,3,1.24,1.52,16,14,2,1,0,0,1,0,0.61,64,1488.3657544796358,1500.865593761959,1476.3152784141498,1512.916069827445
game_2023_65,LEX,JAC,1,2,1.88,2.04,23,16,10,8,0,0,1,0,0.42,65,1464.25591478465,1524.1667102181977,1453.890266065397,1534.5323589374507
game_2023_66,CHM,OAK,1,1,1.15,0.62,17,10,7,8,0,0,0,1,0.66,66,1474.1165535288615,1500.0,1487.5460663993163,1486.5704871295452
game_2023_67,MOB,AUG,2,2,1.43,0.36,8,9,3,3,0,0,0,1,0.43,67,1498.6475507209773,1477.637532588846,1510.3925746038055,1465.8925087060177
game_2023_68,LAR,SPR,0,2,1.17,1.51,16,13,11,2,0,0,1,0,0.66,68,1549.0699700644032,1487.083356491078,1534.3631873694144,1501.7901391860667
game_2023_69,ANC,BOI,1,1,1.74,1.25,4,13,16,2,0,0,0,0,0.63,69,1522.3794926047442,1534.9625471451684,1535.3320065511207,1522.010033198792
game_2023_70,BAK,REN,0,2,2.06,1.14,16,16,5,6,0,0,0,0,0.44,70,1476.793316808902,1500.8657544796358,1465.1580091480828,1512.5010621404551
game_2023_71,EUG,TAC,0,3,1.52,2.57,15,20,5,8,0,0,0,0,0.48,71,1475.0323044116685,1443.515897189883,1461.4015104228208,1457.1466911787306
game_2023_72,ALB,SFS,1,3,2.21,2.32,23,12,6,1,0,0,0,2,0.49,72,1440.1615508268908,1524.1342455203642,1430.625226732553,1533.670569614702
game_2023_73,TOL,MAN,1,1,0.56,1.1,10,12,5,2,0,0,1,0,0.62,73,1476.3152784141498,1534.074064953414,1465.8743836442156,1544.5149597233483
game_2023_74,DOV,CHM,2,2,1.97,0.78,27,3,8,4,0,0,1,0,0.31,74,1485.8245845016604,1487.5460663993163,1498.3865192847509,1474.9841316162258
game_2023_75,SAS,ANC,1,2,2.49,0.82,25,11,7,3,0,0,0,0,0.35,75,1487.4704159934809,1535.3320065511207,1476.681564693482,1546.1208578511196
game_2023_76,SFS,FAR,0,5,0.9,1.2,9,9,3,2,0,0,0,0,0.43,76,1533.670569614702,1512.916069827445,1520.4247533787345,1526.1618860634123
game_2023_77,SPR,JAC,1,1,1.23,0.5,6,11,1,4,0,0,0,0,0.5,77,1501.7901391860667,1534.5323589374507,1515.4646602714672,1520.8578378520501
game_2023_78,PRO,LAR,5,1,0.72,1.61,16,11,2,3,0,0,0,0,0.37,78,1559.0436447408065,1534.3631873694144,1570.6571844701434,1522.7496476400775
game_2023_79,TAC,OAK,2,3,1.74,1.12,24,13,3,4,0,0,1,0,0.52,79,1457.1466911787306,1486.5704871295452,1445.7027737494152,1498.0144045588606
game_2023_80,EUG,ALB,1,1,0.83,1.48,12,16,4,3,0,0,1,0,0.5,80,1461.4015104228208,1430.625226732553,1447.797131654146,1444.229605501228
game_2023_81,TUC,WIC,2,1,2.72,0.38,16,8,8,2,0,0,0,0,0.33,81,1514.1058086104026,1523.1332739668762,1526.9305247135612,1510.3085578637176
game_2023_82,BOI,MOB,2,0,2.26,1.24,17,15,0,4,0,0,0,0,0.48,82,1522.010033198792,1510.3925746038055,1534.0922172331434,1498.310390569454
game_2023_83,DES,LRO,1,2,0.67,1.45,15,15,2,5,0,0,0,0,0.51,83,1523.6673010700636,1487.5010675284484,1509.8707957019858,1501.2975728965262
game_2023_84,FOR,BAK,2,1,2.11,1.03,14,11,9,6,0,0,0,0,0.57,84,1512.1260397841957,1465.1580091480828,1522.9464480857741,1454.3376008465043
game_2023_85,SJU,FOR,2,3,2.61,1.69,19,13,3,6,0,0,0,0,0.42,85,1490.9997532247864,1522.9464480857741,1479.6458996382366,1534.300301672324
game_2023_86,LAR,DES,2,0,1.36,0.6,17,10,5,2,0,0,0,0,0.4,86,1522.7496476400775,1509.8707957019858,1534.7865058037578,1497.8339375383055
game_2023_87,BAK,ANC,2,2,2.59,1.09,19,19,13,2,0,0,0,0,0.51,87,1454.3376008465043,1546.1208578511196,1470.065037591729,1530.393421105895
game_2023_88,SPR,SAS,4,1,2.67,0.96,24,16,5,3,0,0,0,0,0.53,88,1515.4646602714672,1476.681564693482,1526.575093034678,1465.5711319302711
game_2023_89,MAN,SFS,7,2,3.22,0.33,28,12,12,7,0,0,0,0,0.53,89,1544.5149597233483,1520.4247533787345,1556.1496311660894,1508.7900819359934
game_2023_90,REN,PRO,2,1,0.79,0.7,12,11,8,5,1,0,2,1,0.61,90,1512.5010621404551,1570.6571844701434,1527.074072139624,1556.0841744709746
game_2023_91,WIC,OAK,0,3,0.5,1.61,13,17,8,3,0,0,0,0,0.65,91,1510.3085578637176,1498.0144045588606,1497.366424663277,1510.9565377593012
game_2023_92,CHM,TOL,2,1,1.88,0.81,15,8,3,1,0,0,0,1,0.6,92,1474.9841316162258,1465.8743836442156,1487.1564571739664,1453.702058086475
game_2023_93,MOB,DOV,2,3,1.97,0.62,6,14,6,1,1,0,1,0,0.54,93,1498.310390569454,1498.3865192847509,1485.8131295201133,1510.8837803340916
game_2023_94,TUC,ALB,1,3,2.52,2.0,13,15,3,4,0,0,1,0,0.53,94,1526.9305247135612,1444.229605501228,1511.5100698280232,1459.650060386766
game_2023_95,JAC,EUG,2,1,2.6,0.5,16,8,4,6,0,0,1,0,0.54,95,1520.8578378520501,1447.797131654146,1530.7673395348904,1437.8876299713056
game_2023_96,AUG,BOI,2,1,1.77,0.67,16,6,8,3,0,0,0,0,0.56,96,1465.8925087060177,1534.0922172331434,1480.8151540069912,1519.1695719321697
game_2023_97,FAR,TAC,3,0,3.07,0.24,26,17,10,5,0,0,0,0,0.52,97,1526.1618860634123,1445.7027737494152,1535.817798072254,1436.0468617405736
game_2023_98,BAK,MAN,2,1,1.99,0.27,22,9,3,8,0,0,0,0,0.56,98,1470.065037591729,1556.1496311660894,1485.6003198843478,1540.6143488734706
game_2023_99,TAC,CHM,0,2,1.57,1.45,17,9,3,2,0,0,0,0,0.53,99,1436.0468617405736,1487.1564571739664,1425.3725271052201,1497.8307918093199
game_2023_100,ANC,DES,2,1,2.71,0.66,26,13,9,5,0,0,0,0,0.53,100,1530.393421105895,1497.8339375383055,1541.7254167600418,1486.5019418841587
game_2023_101,SAS,TUC,1,0,1.44,0.65,15,14,7,4,0,0,1,0,0.5,101,1465.5711319302711,1511.5100698280232,1479.7143531358365,1497.3668486224578
game_2023_102,DOV,JAC,2,0,1.34,0.41,14,8,5,9,0,0,0,0,0.46,102,1510.8837803340916,1530.7673395348904,1524.0983689079787,1517.5527509610033
game_2023_103,SJU,LAR,2,3,1.61,1.09,14,9,4,2,0,0,0,0,0.32,103,1479.6458996382366,1534.7865058037578,1469.113252164661,1545.3191532773335
game_2023_104,SFS,OAK,2,1,1.72,1.65,11,15,3,1,0,0,0,0,0.66,104,1508.7900819359934,1510.9565377593012,1521.3680254395933,1498.3785942557013
game_2023_105,ALB,BOI,1,1,1.64,1.95,15,14,6,2,0,0,0,0,0.53,105,1459.650060386766,1519.1695719321697,1449.2707419054673,1529.5488904134681
game_2023_106,WIC,REN,1,1,2.04,1.07,17,13,2,1,0,0,0,0,0.56,106,1497.366424663277,1527.074072139624,1510.932646015603,1513.507850787298
game_2023_107,FOR,EUG,1,7,1.38,1.51,16,13,7,2,0,0,0,0,0.67,107,1534.300301672324,1437.8876299713056,1518.417953889228,1453.7699777544015
game_2023_108,PRO,LRO,0,4,0.97,1.74,23,16,1,0,0,0,0,0,0.37,108,1556.0841744709746,1501.2975728965262,1541.6292447789583,1515.7525025885425
game_2023_109,LEX,FAR,1,0,1.02,0.24,20,10,8,4,0,0,1,0,0.45,109,1453.890266065397,1535.817798072254,1469.2844013106621,1520.423662826989
game_2023_110,TOL,SPR,3,1,1.35,0.7,13,15,5,3,1,0,1,0,0.64,110,1453.702058086475,1526.575093034678,1468.7860936528607,1511.4910574682924
game_2023_111,AUG,MOB,1,0,2.22,0.27,22,6,6,3,0,0,0,0,0.58,111,1480.8151540069912,1485.8131295201133,1493.4949582280237,1473.1333252990808
game_2023_112,JAC,LRO,1,2,2.15,1.39,15,12,6,2,0,0,1,0,0.39,112,1517.5527509610033,1515.7525025885425,1504.9879823989854,1528.3172711505604
game_2023_113,TUC,FOR,3,1,2.8,1.36,21,9,10,3,0,0,0,0,0.4,113,1497.3668486224578,1518.417953889228,1510.623297565126,1505.16150494656
game_2023_114,MOB,LEX,1,1,2.18,0.92,16,8,0,4,0,0,0,0,0.65,114,1473.1333252990808,1469.2844013106621,1485.4948547917215,1456.9228718180213
game_2023_115,TOL,DES,2,1,1.43,0.54,19,13,7,4,0,0,0,0,0.42,115,1468.7860936528607,1486.5019418841587,1481.9229207049736,1473.3651148320457
game_2023_116,TAC,SAS,1,2,0.41,0.62,11,8,2,2,0,1,1,2,0.56,116,1425.3725271052201,1479.7143531358365,1414.8118429914416,1490.275037249615
game_2023_117,CHM,SJU,3,1,1.52,0.32,19,6,2,6,0,0,2,0,0.43,117,1497.8307918093199,1469.113252164661,1509.2999417770466,1457.6441021969342
game_2023_118,BOI,SFS,1,1,2.02,0.54,16,2,5,2,0,0,0,0,0.37,118,1529.5488904134681,1521.3680254395933,1541.754614519843,1509.1623013332185
game_2023_119,LAR,PRO,0,1,1.27,0.47,11,11,9,4,0,0,0,0,0.66,119,1545.3191532773335,1541.6292447789583,1532.6864031386642,1554.2619949176276
game_2023_120,ANC,ALB,3,2,3.27,1.48,28,13,5,6,0,0,1,0,0.52,120,1541.7254167600418,1449.2707419054673,1550.9754454517733,1440.0207132137357
game_2023_121,MAN,SPR,0,0,1.44,1.03,18,11,2,7,0,0,0,0,0.44,121,1540.6143488734706,1511.4910574682924,1552.0690014321979,1500.0364049095651
game_2023_122,FAR,BAK,2,2,2.63,1.37,25,3,4,4,0,0,0,0,0.54,122,1520.423662826989,1485.6003198843478,1531.67497099954,1474.3490117117967
game_2023_123,OAK,DOV,1,1,0.98,1.48,16,19,7,3,0,0,0,0,0.6,123,1498.3785942557013,1524.0983689079787,1486.8022509156094,1535.6747122480706
game_2023_124,AUG,WIC,3,1,2.61,1.03,17,13,4,10,0,0,0,0,0.54,124,1493.4949582280237,1510.932646015603,1506.6218032236075,1497.8058010200193
game_2023_125,LEX,MOB,2,0,2.61,0.78,21,12,3,7,0,0,0,0,0.6,125,1456.9228718180213,1485.4948547917215,1470.4485204641724,1471.9692061455705
game_2023_126,LRO,MAN,2,1,1.16,0.82,16,14,1,5,0,0,1,0,0.61,126,1528.3172711505604,1552.0690014321979,1541.6704795977105,1538.7157929850478
game_2023_127,BAK,LEX,0,2,1.01,1.08,24,15,3,6,0,0,0,0,0.53,127,1474.3490117117967,1470.4485204641724,1461.708686153884,1483.0888460220851
game_2023_128,LAR,CHM,3,3,3.65,0.93,29,7,9,3,0,0,0,0,0.64,128,1532.6864031386642,1509.2999417770466,1544.3462760047992,1497.6400689109116
game_2023_129,WIC,ANC,0,4,0.71,1.49,10,14,5,6,0,0,0,0,0.59,129,1497.8058010200193,1550.9754454517733,1487.2039379824714,1561.5773084893212
game_2023_130,SJU,TUC,5,4,3.29,1.15,17,12,6,5,0,0,0,0,0.46,130,1457.6441021969342,1510.623297565126,1472.0355446442475,1496.2318551178128
game_2023_131,DES,PRO,2,0,1.8,0.98,17,11,12,4,0,0,0,0,0.53,131,1473.3651148320457,1554.2619949176276,1488.7241331439361,1538.9029766057372
game_2023_132,JAC,TOL,3,1,0.53,0.63,6,9,4,2,0,0,1,0,0.59,132,1504.9879823989854,1481.9229207049736,1516.659367026378,1470.251536077581
game_2023_133,FAR,DOV,2,2,2.04,1.83,21,11,10,5,0,0,0,0,0.66,133,1531.67497099954,1535.6747122480706,1544.31886690172,1523.0308163458906
game_2023_134,SPR,ALB,7,2,0.92,1.28,11,14,7,3,0,0,1,0,0.5,134,1500.0364049095651,1440.0207132137357,1510.398389900481,1429.6587282228197
game_2023_135,SAS,REN,4,1,1.05,1.21,18,13,5,9,0,0,0,0,0.57,135,1490.275037249615,1513.507850787298,1503.6096612662252,1500.1732267706877
game_2023_136,AUG,TAC,2,1,2.51,1.46,19,12,6,4,0,0,0,0,0.53,136,1506.6218032236075,1414.8118429914416,1515.8934698167689,1405.5401763982802
game_2023_137,FOR,SFS,1,3,1.11,1.16,9,12,6,1,0,0,0,0,0.55,137,1505.16150494656,1509.1623013332185,1492.8054388053536,1521.5183674744248
game_2023_138,OAK,BOI,2,3,0.72,1.39,4,18,5,4,0,0,0,0,0.54,138,1486.8022509156094,1541.754614519843,1476.2629980725185,1552.293867362934
game_2023_139,EUG,MOB,0,1,1.13,0.69,16,8,7,4,0,0,0,0,0.45,139,1453.7699777544015,1471.9692061455705,1441.9241494266134,1483.8150344733585
game_2023_140,BOI,FOR,1,1,1.51,0.36,19,10,5,8,0,0,0,0,0.45,140,1552.293867362934,1492.8054388053536,1562.6742719734402,1482.4250341948473
game_2023_141,MAN,LEX,1,1,1.28,1.77,16,11,8,5,0,0,0,0,0.61,141,1538.7157929850478,1483.0888460220851,1524.2313801434332,1497.5732588636997
game_2023_142,AUG,CHM,1,1,1.91,0.29,15,3,8,6,0,0,0,0,0.53,142,1515.8934698167689,1497.6400689109116,1527.7373544855404,1485.79618424214
game_2023_143,SFS,SAS,1,1,1.06,1.23,5,11,3,4,0,0,0,0,0.6,143,1521.5183674744248,1503.6096612662252,1508.3746200045289,1516.7534087361212
game_2023_144,PRO,SJU,2,0,0.91,0.23,4,6,9,3,1,0,1,0,0.57,144,1538.9029766057372,1472.0355446442475,1549.0264974051859,1461.9120238447988
game_2023_145,ANC,FAR,1,1,1.18,1.27,9,16,1,6,0,0,1,0,0.39,145,1561.5773084893212,1544.31886690172,1548.456896342457,1557.4392790485842
game_2023_146,DES,JAC,0,2,0.21,0.92,8,3,5,7,0,0,0,0,0.55,146,1488.7241331439361,1516.659367026378,1477.2270237375826,1528.1564764327316
game_2023_147,TUC,OAK,0,2,0.65,0.72,9,5,6,0,0,0,0,0,0.38,147,1496.2318551178128,1476.2629980725185,1483.0142077794633,1489.480645410868
game_2023_148,MOB,TOL,1,2,2.18,1.17,20,11,9,3,0,0,0,0,0.48,148,1483.8150344733585,1470.251536077581,1470.8272961434104,1483.2392744075291
game_2023_149,DOV,SPR,4,4,2.74,1.95,20,14,6,5,0,0,0,0,0.6,149,1523.0308163458906,1510.398389900481,1535.0765284394568,1498.352677806915
game_2023_150,EUG,WIC,2,1,1.58,0.45,10,9,7,5,0,0,0,1,0.39,150,1441.9241494266134,1487.2039379824714,1456.0440598610792,1473.0840275480057
game_2023_151,ALB,TAC,1,0,1.66,0.56,17,10,5,2,0,0,0,1,0.41,151,1429.6587282228197,1405.5401763982802,1441.292384747894,1393.906519873206
game_2023_152,REN,BAK,2,4,2.19,0.84,20,11,8,2,0,0,0,0,0.58,152,1500.1732267706877,1461.708686153884,1486.2949799892908,1475.5869329352809
game_2023_153,LRO,LAR,1,2,1.03,1.66,7,12,3,5,0,0,1,0,0.57,153,1541.6704795977105,1544.3462760047992,1529.2667472087346,1556.750008393775
game_2023_154,FAR,FOR,2,0,2.09,0.14,19,2,3,2,0,0,0,0,0.58,154,1557.4392790485842,1482.4250341948473,1567.2815941174526,1472.5827191259789
game_2023_155,SPR,MAN,2,0,0.22,0.34,9,14,5,6,0,0,0,0,0.44,155,1498.352677806915,1524.2313801434332,1511.7820209370416,1510.8020370133065
game_2023_156,TAC,ANC,4,0,1.34,0.94,13,10,10,7,1,0,1,0,0.4,156,1393.906519873206,1548.456896342457,1411.627037930028,1530.7363782856348
game_2023_157,EUG,SAS,0,3,0.59,1.6,15,15,8,4,0,0,0,0,0.43,157,1456.0440598610792,1516.7534087361212,1445.7062927915294,1527.091175805671
game_2023_158,BAK,SFS,0,0,1.02,1.06,9,14,7,5,0,0,0,0,0.43,158,1475.5869329352809,1508.3746200045289,1464.2630753766807,1519.698477563129
game_2023_159,DOV,PRO,1,0,0.88,0.47,12,5,7,3,0,0,1,0,0.53,159,1535.0765284394568,1549.0264974051859,1548.0781493883196,1536.024876456323
game_2023_160,OAK,JAC,2,2,1.76,0.96,19,11,1,7,0,0,0,0,0.44,160,1489.480645410868,1528.1564764327316,1503.3664010547495,1514.27072078885
game_2023_161,SJU,AUG,2,3,1.25,0.75,6,8,6,3,0,0,0,0,0.45,161,1461.9120238447988,1527.7373544855404,1451.752345095787,1537.8970332345523
game_2023_162,WIC,ALB,2,2,1.36,2.24,22,23,0,5,0,0,0,0,0.6,162,1473.0840275480057,1441.292384747894,1459.4434129067963,1454.9329993891033
game_2023_163,TUC,REN,2,4,1.33,1.62,8,5,7,0,0,0,0,0,0.46,163,1483.0142077794633,1486.2949799892908,1470.6322395398074,1498.6769482289467
game_2023_164,OAK,LRO,1,3,1.68,1.35,23,10,7,6,0,0,0,0,0.45,164,1503.3664010547495,1529.2667472087346,1491.7965185759253,1540.8366296875588
game_2023_165,CHM,FAR,2,1,1.59,1.55,16,14,7,0,0,0,0,0,0.64,165,1485.79618424214,1567.2815941174526,1501.1752611352342,1551.9025172243585
game_2023_166,LEX,LAR,7,0,2.47,0.18,20,10,3,4,0,0,0,0,0.52,166,1497.5732588636997,1556.750008393775,1512.1819614700948,1542.14130578738
game_2023_167,SJU,MOB,3,1,2.7,0.76,11,7,0,2,0,0,0,1,0.48,167,1451.752345095787,1470.8272961434104,1464.9379329215762,1457.6417083176211
game_2023_168,AUG,MAN,2,2,1.26,1.55,11,12,4,6,0,0,0,1,0.6,168,1537.8970332345523,1510.8020370133065,1524.424183799168,1524.2748864486907
game_2023_169,SFS,TUC,4,1,2.38,0.8,19,18,12,7,0,0,0,0,0.73,169,1519.698477563129,1470.6322395398074,1530.4448207108758,1459.8858963920607
game_2023_170,SAS,BAK,1,0,1.04,0.22,15,10,5,2,0,0,0,0,0.67,170,1527.091175805671,1464.2630753766807,1537.3550743684593,1453.9991768138923
game_2023_171,FOR,TOL,1,3,2.07,0.99,16,16,3,5,0,0,0,0,0.71,171,1472.5827191259789,1483.2392744075291,1460.465999336068,1495.35599419744
game_2023_172,ALB,DOV,2,2,1.55,0.23,19,11,8,2,0,0,0,0,0.65,172,1454.9329993891033,1548.0781493883196,1470.7061212663493,1532.3050275110736
game_2023_173,PRO,SPR,1,2,1.47,0.54,14,5,9,1,0,0,0,0,0.47,173,1536.024876456323,1511.7820209370416,1522.6540823892906,1525.152815004074
game_2023_174,JAC,BOI,0,2,0.52,1.18,17,10,9,3,0,0,0,0,0.56,174,1514.27072078885,1562.6742719734402,1503.5009985976178,1573.4439941646724
game_2023_175,ANC,REN,1,0,1.87,0.86,21,16,9,2,0,0,0,0,0.41,175,1530.7363782856348,1498.6769482289467,1542.0862101173577,1487.3271163972238
game_2023_176,WIC,TAC,1,0,1.46,1.23,11,11,6,4,0,0,0,0,0.63,176,1459.4434129067963,1411.627037930028,1470.2338605119976,1400.8365903248268
game_2023_177,DES,EUG,2,2,1.7,0.24,14,8,2,3,1,0,1,0,0.63,177,1477.2270237375826,1445.7062927915294,1488.5960754634593,1434.3372410656527
game_2023_178,MOB,MAN,1,1,1.49,0.19,20,10,1,1,0,0,0,0,0.38,178,1457.6417083176211,1524.2748864486907,1472.5100631473783,1509.4065316189335
game_2023_179,JAC,LEX,0,3,1.78,1.3,21,10,3,5,0,0,0,1,0.51,179,1503.5009985976178,1512.1819614700948,1491.3132563657578,1524.369703701955
game_2023_180,LRO,CHM,1,1,2.25,0.92,17,14,5,7,0,0,0,0,0.69,180,1540.8366296875588,1501.1752611352342,1551.915863359242,1490.096027463551
game_2023_181,TOL,SAS,2,2,3.42,1.75,19,12,6,5,0,0,0,0,0.49,181,1495.35599419744,1537.3550743684593,1509.3597152136538,1523.3513533522455
game_2023_182,SPR,SJU,3,1,2.35,1.17,15,7,7,6,0,0,0,0,0.52,182,1525.152815004074,1464.9379329215762,1535.5078438828018,1454.5829040428484
game_2023_183,BOI,TUC,3,1,3.72,0.2,18,13,6,5,0,0,0,0,0.53,183,1573.4439941646724,1459.8858963920607,1581.9979396878723,1451.3319508688608
game_2023_184,ANC,OAK,2,0,2.86,0.21,28,4,3,5,0,0,1,0,0.64,184,1542.0862101173577,1491.7965185759253,1552.789423819743,1481.09330487354
game_2023_185,BAK,AUG,0,1,1.37,0.81,16,12,8,10,0,0,0,0,0.46,185,1453.9991768138923,1524.424183799168,1443.99877973149,1534.4245808815704
game_2023_186,LAR,DOV,1,2,1.13,1.36,15,13,0,6,0,1,0,1,0.6,186,1542.14130578738,1532.3050275110736,1529.2875117480946,1545.1588215503589
game_2023_187,PRO,ALB,4,1,2.59,2.23,21,16,1,5,0,0,1,0,0.52,187,1522.6540823892906,1470.7061212663493,1533.298908266856,1460.061295388784
game_2023_188,FAR,WIC,4,1,3.33,0.4,25,6,10,6,0,0,0,0,0.45,188,1551.9025172243585,1470.2338605119976,1561.5171980060247,1460.6191797303313
game_2023_189,TAC,EUG,1,3,0.69,2.36,15,17,4,3,0,0,0,0,0.59,189,1400.8365903248268,1434.3372410656527,1389.5381516600594,1445.6356797304202
game_2023_190,SFS,FOR,2,1,3.22,0.62,16,9,2,4,0,0,1,0,0.44,190,1530.4448207108758,1460.465999336068,1540.4606326523974,1450.4501873945464
game_2023_191,REN,DES,0,2,1.03,0.52,20,10,4,5,0,1,0,1,0.57,191,1487.3271163972238,1488.5960754634593,1474.8727706665554,1501.0504211941277
game_2023_192,EUG,BOI,4,3,1.16,1.64,19,15,5,6,0,0,0,0,0.41,192,1445.6356797304202,1581.9979396878723,1462.804405724467,1564.8292136938255
game_2023_193,DES,SPR,1,4,1.12,0.73,8,11,4,3,0,0,0,0,0.61,193,1501.0504211941277,1535.5078438828018,1489.786077990557,1546.7721870863725
game_2023_194,OAK,WIC,5,0,2.78,0.47,19,14,2,6,0,0,0,0,0.53,194,1481.09330487354,1460.6191797303313,1492.8575404978396,1448.8549441060318
game_2023_195,TAC,LAR,2,3,1.14,0.67,12,10,3,4,0,0,0,0,0.4,195,1389.5381516600594,1529.2875117480946,1381.811354976312,1537.014308431842
game_2023_196,REN,EUG,3,3,2.49,0.41,20,11,7,4,0,0,0,0,0.56,196,1474.8727706665554,1462.804405724467,1486.938750877782,1450.7384255132404
game_2023_197,LAR,TOL,0,0,1.36,0.86,11,6,3,7,0,0,0,0,0.53,197,1537.014308431842,1509.3597152136538,1548.5214503516981,1497.8525732937976
game_2023_198,JAC,FOR,3,2,2.13,1.55,24,10,7,3,0,0,0,0,0.63,198,1491.3132563657578,1450.4501873945464,1502.3498308738772,1439.413612886427
game_2023_199,DOV,LEX,5,2,2.61,1.12,24,9,8,3,0,0,0,0,0.45,199,1545.1588215503589,1524.369703701955,1556.911764270767,1512.6167609815468
game_2023_200,CHM,DES,0,1,0.95,1.95,13,17,4,7,0,0,0,1,0.52,200,1490.096027463551,1489.786077990557,1477.5848761378204,1502.2972293162877
game_2023_201,MAN,SJU,3,7,1.26,2.03,12,9,7,6,0,0,0,0,0.53,201,1509.4065316189335,1454.5829040428484,1494.9503024136188,1469.0391332481631
game_2023_202,TOL,TUC,4,1,2.33,0.11,30,3,8,4,0,0,1,0,0.46,202,1497.8525732937976,1451.3319508688608,1508.6887905053452,1440.4957336573132
game_2023_203,REN,FAR,3,1,2.54,0.36,21,3,2,2,0,0,2,0,0.52,203,1486.938750877782,1561.5171980060247,1502.0814615135282,1546.3744873702785
game_2023_204,SFS,ALB,2,0,1.52,0.53,12,10,2,3,0,0,0,0,0.54,204,1540.4606326523974,1460.061295388784,1550.1185839889283,1450.403344052253
game_2023_205,BOI,WIC,1,3,2.36,1.2,16,10,6,3,1,0,1,0,0.35,205,1564.8292136938255,1448.8549441060318,1548.305066176555,1465.3790916233022
game_2023_206,SPR,MOB,1,1,0.96,1.03,18,16,2,3,0,0,0,0,0.41,206,1546.7721870863725,1472.5100631473783,1531.6403505007736,1487.6418997329772
game_2023_207,SAS,EUG,0,2,1.23,1.2,12,9,9,5,0,0,0,0,0.66,207,1523.3513533522455,1450.7384255132404,1508.276277363885,1465.813501501601
game_2023_208,AUG,ANC,2,3,0.72,1.26,12,10,2,3,0,0,0,0,0.66,208,1534.4245808815704,1552.789423819743,1522.5846945482465,1564.6293101530669
game_2023_209,LRO,PRO,0,0,1.49,0.59,21,6,5,5,0,0,0,0,0.59,209,1551.915863359242,1533.298908266856,1563.7467048725898,1521.468066753508
game_2023_210,LAR,BAK,2,0,1.52,0.43,18,2,6,4,1,0,1,0,0.54,210,1548.5214503516981,1443.99877973149,1557.370431205238,1435.1497988779502
game_2023_211,OAK,TAC,1,0,2.08,0.37,11,4,8,5,0,0,1,0,0.61,211,1492.8575404978396,1381.811354976312,1501.493037740126,1373.1758577340256
game_2023_212,LEX,TOL,0,3,1.7,0.18,20,6,8,2,0,0,0,0,0.46,212,1512.6167609815468,1508.6887905053452,1499.9754469043867,1521.3301045825053
game_2023_213,MOB,LRO,1,3,0.65,1.89,3,16,2,6,0,0,0,0,0.44,213,1487.6418997329772,1563.7467048725898,1477.837021948682,1573.551582656885
game_2023_214,TUC,MAN,4,0,1.52,0.41,15,12,6,5,0,0,0,0,0.53,214,1440.4957336573132,1494.9503024136188,1454.939007955673,1480.507028115259
game_2023_215,BOI,CHM,1,1,0.34,0.35,13,4,3,7,0,0,0,0,0.53,215,1548.305066176555,1477.5848761378204,1533.2952695968388,1492.5946727175367
game_2023_216,JAC,DES,2,2,2.42,0.83,22,13,6,2,0,0,1,0,0.49,216,1502.3498308738772,1502.2972293162877,1514.8479383807296,1489.7991218094353
game_2023_217,ALB,ANC,3,5,0.41,1.9,9,17,4,4,0,0,1,0,0.53,217,1450.403344052253,1564.6293101530669,1441.8710192784456,1573.1616349268743
game_2023_218,FOR,SAS,4,0,0.44,1.23,6,18,3,1,0,0,0,0,0.62,218,1439.413612886427,1508.276277363885,1454.3592054885416,1493.3306847617703
game_2023_219,PRO,BAK,2,2,1.61,0.73,19,12,5,7,0,0,1,0,0.55,219,1521.468066753508,1435.1497988779502,1530.9248743518635,1425.6929912795947
game_2023_220,SJU,OAK,0,0,1.27,0.39,14,1,4,2,0,0,1,0,0.58,220,1469.0391332481631,1501.493037740126,1482.7033721398125,1487.8287988484767
game_2023_221,REN,TAC,1,1,1.65,0.4,20,13,7,4,0,0,1,0,0.49,221,1502.0814615135282,1373.1758577340256,1510.1454151793307,1365.111904068223
game_2023_222,EUG,LAR,2,2,1.93,0.72,28,6,5,7,0,0,0,0,0.53,222,1465.813501501601,1557.370431205238,1481.5333370255498,1541.6505956812891
game_2023_223,DOV,AUG,4,0,3.64,0.55,22,9,3,11,0,0,0,0,0.42,223,1556.911764270767,1522.5846945482465,1568.1807516431609,1511.3157071758526
game_2023_224,FAR,SPR,4,1,1.5,0.14,6,16,11,6,0,0,0,0,0.53,224,1546.3744873702785,1531.6403505007736,1558.3447017454846,1519.6701361255675
game_2023_225,MOB,CHM,1,1,0.32,0.6,11,10,4,1,0,0,0,0,0.63,225,1477.837021948682,1492.5946727175367,1465.8676520319455,1504.5640426342732
game_2023_226,FAR,SAS,1,2,1.13,0.74,12,13,11,3,0,0,0,0,0.48,226,1558.3447017454846,1493.3306847617703,1543.532558930103,1508.1428275771518
game_2023_227,ALB,TUC,3,3,0.51,1.12,5,9,3,0,0,0,0,0,0.4,227,1441.8710192784456,1454.939007955673,1429.840956376658,1466.9690708574608
game_2023_228,SFS,BAK,3,3,2.94,2.15,20,19,7,3,0,0,0,0,0.53,228,1550.1185839889283,1425.6929912795947,1558.3240592019386,1417.4875160665845
game_2023_229,REN,JAC,1,3,1.39,1.41,21,9,8,4,0,0,0,0,0.52,229,1510.1454151793307,1514.8479383807296,1497.8145917209333,1527.178761839127
game_2023_230,LEX,AUG,1,1,1.48,0.92,10,14,5,1,0,0,0,1,0.45,230,1499.9754469043867,1511.3157071758526,1512.8833007374492,1498.40785334279
game_2023_231,MAN,DOV,7,1,1.82,1.28,16,15,1,7,0,0,2,0,0.56,231,1480.507028115259,1568.1807516431609,1496.0960527777702,1552.5917269806496
game_2023_232,SPR,LRO,0,5,1.15,1.56,16,17,5,5,0,0,0,0,0.42,232,1519.6701361255675,1573.551582656885,1509.0932838974459,1584.1284348850068
game_2023_233,DES,FOR,2,4,1.57,1.79,15,5,5,7,0,0,0,0,0.63,233,1489.7991218094353,1454.3592054885416,1476.0284722532467,1468.1298550447302
game_2023_234,EUG,FAR,0,2,1.02,0.88,9,11,7,3,0,0,1,0,0.43,234,1481.5333370255498,1543.532558930103,1471.2405592007576,1553.8253367548953
game_2023_235,MOB,REN,1,3,1.08,2.27,12,15,4,4,0,0,0,0,0.62,235,1465.8676520319455,1497.8145917209333,1454.5138071797348,1509.168436573144
game_2023_236,AUG,LRO,2,0,2.05,0.69,9,13,8,5,0,0,1,0,0.5,236,1498.40785334279,1584.1284348850068,1513.9308083178025,1568.6054799099943
game_2023_237,WIC,MAN,0,0,1.64,0.17,23,1,4,2,0,0,0,1,0.56,237,1465.3790916233022,1496.0960527777702,1478.9813527201268,1482.4937916809456
game_2023_238,LAR,LEX,0,3,1.63,1.1,15,16,2,6,0,0,1,0,0.55,238,1541.6505956812891,1512.8833007374492,1528.117967753597,1526.4159286651413
game_2023_239,TUC,DES,1,0,1.81,0.68,17,9,5,1,0,0,0,0,0.59,239,1466.9690708574608,1476.0284722532467,1479.7949351738885,1463.202607936819
game_2023_240,CHM,DOV,0,1,1.15,1.45,15,8,4,5,0,0,1,0,0.53,240,1504.5640426342732,1552.5917269806496,1493.7810546734622,1563.3747149414605
game_2023_241,OAK,ALB,2,2,1.6,1.43,12,19,7,5,0,0,0,0,0.47,241,1487.8287988484767,1429.840956376658,1498.2616771624416,1419.408078062693
game_2023_242,TAC,SPR,7,0,3.01,1.17,20,15,5,2,0,0,0,0,0.63,242,1365.111904068223,1509.0932838974459,1382.5145564796017,1491.6906314860673
game_2023_243,BAK,BOI,1,0,1.83,0.24,28,7,5,5,0,0,0,0,0.46,243,1417.4875160665845,1533.2952695968388,1434.006292755885,1516.7764929075383
game_2023_244,ANC,FOR,2,2,2.46,1.27,17,8,2,6,0,0,0,0,0.45,244,1573.1616349268743,1468.1298550447302,1581.9938689074327,1459.2976210641718
game_2023_245,TOL,SJU,4,1,2.59,0.73,18,13,3,3,0,0,1,0,0.72,245,1521.3301045825053,1482.7033721398125,1532.4460937194242,1471.5873830028936
game_2023_246,SAS,PRO,2,0,3.1,0.37,22,7,6,5,0,0,1,0,0.57,246,1508.1428275771518,1530.9248743518635,1521.461304867949,1517.6063970610664
game_2023_247,SFS,JAC,1,2,0.95,1.7,6,12,4,5,0,0,1,0,0.38,247,1558.3240592019386,1527.178761839127,1544.7065089721937,1540.7963120688719
game_2023_248,DOV,SJU,3,0,1.74,1.06,18,14,6,8,0,0,0,0,0.54,248,1563.3747149414605,1471.5873830028936,1572.647141362653,1462.3149565817012
game_2023_249,FAR,SFS,2,3,1.69,1.64,5,14,9,2,0,0,0,0,0.45,249,1553.8253367548953,1544.7065089721937,1540.9973358648904,1557.5345098621985
game_2023_250,EUG,BAK,0,2,0.86,1.42,18,10,4,4,0,0,1,0,0.48,250,1471.2405592007576,1434.006292755885,1457.4060538753279,1447.8407980813147
game_2023_251,LRO,FOR,1,0,1.82,0.68,13,8,7,2,0,0,0,0,0.62,251,1568.6054799099943,1459.2976210641718,1577.2976279349482,1450.605473039218
game_2023_252,MAN,CHM,0,2,1.17,1.67,11,13,5,7,0,0,0,1,0.44,252,1482.4937916809456,1493.7810546734622,1470.3997408040777,1505.87510555033
game_2023_253,BOI,ANC,1,2,1.33,1.18,16,18,4,7,0,0,0,0,0.51,253,1516.7764929075383,1581.9938689074327,1506.5957010584864,1592.1746607564846
game_2023_254,TUC,SAS,1,1,1.46,1.89,12,16,1,7,0,0,0,0,0.59,254,1479.7949351738885,1521.461304867949,1468.7868578403622,1532.4693822014751
game_2023_255,TOL,PRO,2,0,0.49,0.39,15,4,0,2,0,0,0,0,0.55,255,1532.4460937194242,1517.6063970610664,1544.4125171469161,1505.6399736335745
game_2023_256,AUG,LAR,4,2,0.9,1.2,6,8,5,2,0,0,0,0,0.59,256,1513.9308083178025,1528.117967753597,1526.9409489026182,1515.1078271687813
game_2023_257,DES,OAK,2,0,0.68,0.4,6,4,0,2,0,0,0,0,0.6,257,1463.202607936819,1498.2616771624416,1476.9596954967874,1484.5045896024733
game_2023_258,REN,ALB,0,1,0.8,0.8,22,6,6,6,0,0,0,0,0.57,258,1509.168436573144,1419.408078062693,1493.509029125323,1435.067485510514
game_2023_259,LEX,SPR,0,0,1.4,0.53,14,7,6,4,0,0,0,0,0.45,259,1526.4159286651413,1491.6906314860673,1537.6707292149465,1480.4358309362622
game_2023_260,MOB,WIC,2,0,1.91,0.88,5,5,3,3,0,0,1,0,0.56,260,1454.5138071797348,1478.9813527201268,1467.8926455254727,1465.6025143743889
game_2023_261,JAC,TAC,2,0,2.06,0.7,19,3,8,2,0,0,0,0,0.64,261,1540.7963120688719,1382.5145564796017,1547.9654619555965,1375.345406592877
game_2023_262,FOR,TUC,2,2,2.24,1.05,15,13,6,5,0,0,0,0,0.5,262,1450.605473039218,1468.7868578403622,1463.7590044932067,1455.6333263863735
game_2023_263,SJU,CHM,2,1,1.51,1.34,12,19,6,4,0,0,0,0,0.51,263,1462.3149565817012,1505.87510555033,1476.3739985101543,1491.816063621877
game_2023_264,SAS,AUG,1,1,1.33,1.14,12,10,1,2,0,0,0,0,0.5,264,1532.4693822014751,1526.9409489026182,1544.7704976101495,1514.6398334939438
game_2023_265,ANC,TOL,1,0,2.4,0.71,18,9,3,6,0,0,0,0,0.51,265,1592.1746607564846,1544.4125171469161,1602.9670230380132,1533.6201548653876
game_2023_266,PRO,DOV,4,1,1.26,0.16,13,18,6,3,0,0,0,0,0.57,266,1505.6399736335745,1572.647141362653,1520.5212981465163,1557.7658168497112
game_2023_267,LRO,BOI,1,2,1.4,0.99,18,9,5,2,0,0,1,1,0.53,267,1577.2976279349482,1506.5957010584864,1562.288461942776,1521.6048670506586
game_2023_268,OAK,REN,1,0,1.32,0.91,16,13,4,9,0,0,1,0,0.46,268,1484.5045896024733,1493.509029125323,1497.3284778422853,1480.685140885511
game_2023_269,SFS,WIC,1,1,2.84,0.3,26,2,8,6,0,0,0,0,0.54,269,1557.5345098621985,1465.6025143743889,1566.8020791144152,1456.3349451221723
game_2023_270,BAK,TAC,3,0,0.31,0.41,12,4,7,2,0,0,0,0,0.53,270,1447.8407980813147,1375.345406592877,1457.7697716250177,1365.416433049174
game_2023_271,MAN,MOB,0,1,0.91,0.85,18,11,3,7,0,0,0,0,0.43,271,1470.3997408040777,1467.8926455254727,1457.8095423662733,1480.4828439632772
game_2023_272,LEX,EUG,2,1,2.34,1.31,13,17,8,7,0,0,1,0,0.61,272,1537.6707292149465,1457.4060538753279,1547.3332753568918,1447.7435077333826
game_2023_273,SAS,FOR,2,0,2.22,0.36,18,10,5,5,0,0,2,0,0.49,273,1544.7704976101495,1463.7590044932067,1554.4075717745532,1454.121930328803
game_2023_274,PRO,DES,1,1,0.2,1.04,6,14,4,2,0,0,1,0,0.59,274,1520.5212981465163,1476.9596954967874,1506.4622047312887,1491.018788912015
game_2023_275,BAK,SJU,3,1,2.38,1.49,20,17,8,3,0,0,0,0,0.47,275,1457.7697716250177,1476.3739985101543,1470.9384734890311,1463.2052966461408
game_2023_276,ANC,SFS,2,0,1.53,0.48,21,6,5,5,0,0,0,0,0.48,276,1602.9670230380132,1566.8020791144152,1614.1705635685473,1555.598538583881
game_2023_277,DOV,LAR,0,1,1.03,0.72,17,3,5,6,0,0,0,0,0.44,277,1557.7658168497112,1515.1078271687813,1543.738738079868,1529.1349059386246
game_2023_278,MAN,REN,0,1,0.79,1.02,15,14,8,5,0,0,1,0,0.5,278,1457.8095423662733,1480.685140885511,1446.1313709619888,1492.3633122897954
game_2023_279,JAC,MOB,3,0,2.58,1.38,19,13,3,10,0,0,0,0,0.64,279,1547.9654619555965,1480.4828439632772,1558.0676568600709,1470.3806490588029
game_2023_280,CHM,LEX,2,1,2.08,1.38,19,19,3,8,0,0,0,0,0.58,280,1491.816063621877,1547.3332753568918,1506.2966277290784,1532.8527112496904
game_2023_281,WIC,TUC,0,0,1.17,0.43,4,10,8,6,0,0,0,0,0.51,281,1456.3349451221723,1455.6333263863735,1468.8097023933296,1443.158569115216
game_2023_282,OAK,FAR,1,2,0.23,1.02,13,10,7,6,0,0,1,0,0.5,282,1497.3284778422853,1540.9973358648904,1486.3913699018833,1551.9344438052924
game_2023_283,SPR,AUG,4,1,0.73,0.99,16,13,3,4,0,0,1,1,0.35,283,1480.4358309362622,1514.6398334939438,1494.1624586559783,1500.9132057742277
game_2023_284,LRO,TOL,3,0,1.93,0.54,15,9,3,4,0,0,0,0,0.62,284,1562.288461942776,1533.6201548653876,1573.7593711685895,1522.149245639574
game_2023_285,BOI,TAC,2,1,1.6,0.45,6,8,5,6,0,0,1,0,0.56,285,1521.6048670506586,1365.416433049174,1528.8357906120361,1358.1855094877965
game_2023_286,ALB,EUG,0,1,1.04,0.75,11,11,1,2,0,0,0,0,0.65,286,1435.067485510514,1447.7435077333826,1423.0233398222938,1459.7876534216027
game_2023_287,EUG,MAN,3,1,2.42,1.75,13,13,7,4,0,0,0,0,0.39,287,1459.7876534216027,1446.1313709619888,1471.7965820337595,1434.122442349832
game_2023_288,MOB,DES,1,1,1.05,1.76,10,9,6,5,0,0,1,0,0.48,288,1470.3806490588029,1491.018788912015,1458.6222937297314,1502.7771442410865
game_2023_289,REN,ANC,0,0,0.55,0.13,3,18,3,4,0,0,1,1,0.54,289,1492.3633122897954,1614.1705635685473,1509.0745397445653,1597.4593361137775
game_2023_290,BOI,SAS,3,1,2.57,1.35,24,14,12,6,0,0,0,0,0.69,290,1528.8357906120361,1554.4075717745532,1542.2541516840847,1540.9892107025046
game_2023_291,TAC,FAR,1,3,1.44,0.86,10,17,3,7,0,1,0,2,0.6,291,1358.1855094877965,1551.9344438052924,1352.0134459497172,1558.1065073433717
game_2023_292,AUG,PRO,5,3,1.72,1.15,18,11,7,2,2,0,2,1,0.46,292,1500.9132057742277,1506.4622047312887,1513.6128300865773,1493.762580418939
game_2023_293,TUC,BAK,1,1,1.12,1.37,13,15,6,9,0,0,0,0,0.72,293,1443.158569115216,1470.9384734890311,1431.6559070547742,1482.441135549473
game_2023_294,SJU,JAC,0,0,0.96,0.81,13,17,10,1,0,0,0,0,0.43,294,1463.2052966461408,1558.0676568600709,1479.0358892069617,1542.23706429925
game_2023_295,CHM,LAR,0,1,1.47,1.2,15,11,6,3,0,0,1,0,0.53,295,1506.2966277290784,1529.1349059386246,1494.6171194132298,1540.8144142544731
game_2023_296,LEX,OAK,1,2,2.11,1.25,27,14,11,4,0,0,0,0,0.59,296,1532.8527112496904,1486.3913699018833,1518.6910235315058,1500.5530576200679
game_2023_297,TOL,DOV,1,2,0.49,1.08,10,16,6,2,0,0,0,0,0.63,297,1522.149245639574,1543.738738079868,1510.4249918563273,1555.4629918631147
game_2023_298,ALB,WIC,2,3,2.61,2.09,12,17,7,4,0,0,0,0,0.43,298,1423.0233398222938,1468.8097023933296,1412.1611662400828,1479.6718759755406
game_2023_299,SFS,LRO,1,2,2.17,0.72,18,10,8,7,0,0,0,0,0.49,299,1555.598538583881,1573.7593711685895,1543.751332631356,1585.6065771211145
game_2023_300,FOR,SPR,1,0,2.15,0.14,21,13,7,3,0,0,1,0,0.77,300,1454.121930328803,1494.1624586559783,1468.0561601198453,1480.228228864936
game_2023_301,FAR,REN,2,1,1.92,0.63,13,7,6,1,0,0,0,0,0.48,301,1558.1065073433717,1509.0745397445653,1568.8540592180111,1498.326987869926
game_2023_302,MAN,LRO,3,1,1.87,1.32,18,10,3,6,0,0,0,2,0.53,302,1434.122442349832,1585.6065771211145,1451.7515509054897,1567.9774685654568
game_2023_303,TAC,FOR,1,2,1.67,0.63,17,17,5,6,0,0,0,0,0.42,303,1352.0134459497172,1468.0561601198453,1343.5398006059195,1476.529805463643
game_2023_304,PRO,LEX,1,1,1.07,0.99,12,15,5,6,0,0,1,0,0.54,304,1493.762580418939,1518.6910235315058,1507.1579173725065,1505.2956865779383
game_2023_305,DOV,TUC,1,3,1.84,1.04,17,11,1,5,0,2,1,2,0.5,305,1555.4629918631147,1431.6559070547742,1538.6881050935044,1448.4307938243844
game_2023_306,SAS,SFS,1,1,1.55,0.64,12,9,4,3,0,0,0,1,0.38,306,1540.9892107025046,1543.751332631356,1553.5885839336167,1531.1519594002439
game_2023_307,JAC,AUG,2,1,2.21,1.1,16,8,8,0,0,0,0,1,0.53,307,1542.23706429925,1513.6128300865773,1553.7095484430977,1502.1403459427297
game_2023_308,BAK,ALB,3,3,1.53,1.18,11,13,5,2,0,0,0,0,0.48,308,1482.441135549473,1412.1611662400828,1492.4465425399533,1402.1557592496026
game_2023_309,WIC,BOI,3,3,1.54,1.18,17,19,12,7,0,0,2,0,0.62,309,1479.6718759755406,1542.2541516840847,1494.39941509982,1527.5266125598052
game_2023_310,LAR,MOB,1,1,1.49,0.51,14,11,8,3,0,0,0,0,0.53,310,1540.8144142544731,1458.6222937297314,1550.4112715605565,1449.025436423648
game_2023_311,OAK,EUG,3,0,2.12,0.22,13,2,2,1,0,0,0,0,0.5,311,1500.5530576200679,1471.7965820337595,1512.020816294578,1460.3288233592493
game_2023_312,SJU,TOL,2,3,1.41,1.43,10,17,6,6,0,0,0,0,0.56,312,1479.0358892069617,1510.4249918563273,1467.6621403776028,1521.7987406856862
game_2023_313,SPR,ANC,3,2,1.6,0.67,19,7,8,3,1,0,1,0,0.49,313,1480.228228864936,1597.4593361137775,1496.7928609921635,1580.89470398655
game_2023_314,REN,SAS,2,0,1.78,0.72,19,14,6,6,0,0,0,1,0.54,314,1498.326987869926,1553.5885839336167,1512.7985852976112,1539.1169865059314
game_2023_315,DES,SJU,1,1,1.36,0.35,7,4,16,4,0,0,0,0,0.55,315,1502.7771442410865,1467.6621403776028,1514.0180646559827,1456.4212199627066
game_2023_316,WIC,PRO,0,4,0.89,2.38,20,18,0,5,0,0,1,0,0.62,316,1494.39941509982,1507.1579173725065,1482.3582328976768,1519.1990995746498
game_2023_317,CHM,JAC,0,0,0.36,0.63,18,14,2,2,0,0,0,0,0.44,317,1494.6171194132298,1553.7095484430977,1484.2228745586895,1564.103793297638
game_2023_318,ALB,OAK,0,1,0.81,1.14,3,13,6,2,0,0,0,0,0.53,318,1402.1557592496026,1512.020816294578,1393.48178883434,1520.6947867098406
game_2023_319,EUG,TUC,2,0,1.34,0.78,13,6,2,4,0,0,0,0,0.45,319,1460.3288233592493,1448.4307938243844,1472.4009245948625,1436.3586925887712
game_2023_320,DES,MAN,2,1,0.6,0.52,11,6,7,2,0,0,0,0,0.6,320,1514.0180646559827,1451.7515509054897,1524.3015269936136,1441.4680885678588
game_2023_321,ALB,SAS,2,0,0.78,0.9,9,14,3,4,0,0,2,0,0.46,321,1393.48178883434,1539.1169865059314,1410.9346948802065,1521.664080460065
game_2023_322,TAC,SFS,0,2,1.35,0.91,14,9,6,4,0,0,0,0,0.37,322,1343.5398006059195,1531.1519594002439,1337.2020669243177,1537.4896930818456
game_2023_323,BOI,FAR,0,3,1.53,1.87,10,11,7,4,0,0,0,0,0.57,323,1527.5266125598052,1568.8540592180111,1516.506513797869,1579.8741579799473
game_2023_324,JAC,PRO,2,3,2.61,1.07,19,9,1,2,0,0,0,0,0.51,324,1564.103793297638,1519.1990995746498,1549.9971531949247,1533.3057396773631
game_2023_325,ANC,BAK,1,0,2.32,0.12,15,5,8,6,0,0,0,0,0.55,325,1580.89470398655,1492.4465425399533,1590.2795326773492,1483.061713849154
game_2023_326,TOL,LAR,3,2,2.09,1.51,11,12,11,8,0,0,0,0,0.53,326,1521.7987406856862,1550.4112715605565,1535.3258383243888,1536.8841739218537
game_2023_327,CHM,AUG,0,1,1.28,1.3,14,9,8,5,0,0,0,0,0.43,327,1484.2228745586895,1502.1403459427297,1472.36693654434,1513.9962839570792
game_2023_328,LEX,DOV,2,0,0.95,0.97,8,18,3,7,0,0,0,0,0.49,328,1505.2956865779383,1538.6881050935044,1518.9933898106958,1524.990401860747
game_2023_329,SJU,SPR,2,3,0.63,2.02,6,18,6,5,1,0,2,0,0.53,329,1456.4212199627066,1496.7928609921635,1445.3672043719646,1507.8468765829055
game_2023_330,LRO,REN,2,2,2.41,0.81,13,14,8,6,0,0,0,0,0.49,330,1567.9774685654568,1512.7985852976112,1578.5087730458056,1502.2672808172624
game_2023_331,FOR,WIC,3,0,3.04,1.06,20,17,6,9,0,0,0,0,0.44,331,1476.529805463643,1482.3582328976768,1489.239480328353,1469.6485580329668
game_2023_332,OAK,MOB,2,3,2.62,0.42,23,7,7,5,0,0,1,0,0.5,332,1520.6947867098406,1449.025436423648,1505.6522360706651,1464.0679870628235
game_2023_333,LEX,LRO,3,2,2.36,1.8,22,5,9,5,0,0,0,0,0.4,333,1518.9933898106958,1578.5087730458056,1533.613927076232,1563.8882357802695
game_2023_334,DOV,MAN,1,2,1.99,0.4,15,6,7,1,0,0,0,0,0.44,334,1524.990401860747,1441.4680885678588,1509.5420235491622,1456.9164668794435
game_2023_335,ANC,CHM,1,0,2.38,0.37,16,3,8,2,0,0,0,0,0.42,335,1590.2795326773492,1472.36693654434,1598.692988509758,1463.9534807119312
game_2023_336,FAR,DES,1,4,2.13,2.63,15,18,3,6,0,0,0,1,0.52,336,1579.8741579799473,1524.3015269936136,1565.3916501098158,1538.784034863745
game_2023_337,LAR,SJU,1,0,1.51,0.49,4,19,8,4,0,0,0,0,0.43,337,1536.8841739218537,1445.3672043719646,1546.1656807281483,1436.08569756567
game_2023_338,TUC,JAC,2,2,0.88,1.3,18,20,3,5,0,0,0,0,0.51,338,1436.3586925887712,1549.9971531949247,1427.8073500251041,1558.5484957585918
game_2023_339,PRO,AUG,1,3,2.28,1.58,17,16,2,5,0,0,0,0,0.43,339,1533.3057396773631,1513.9962839570792,1520.1117405605312,1527.1902830739111
game_2023_340,SPR,TOL,1,2,1.46,0.98,16,12,9,2,0,0,1,0,0.48,340,1507.8468765829055,1535.3258383243888,1496.3334554262042,1546.83925948109
game_2023_341,MOB,ALB,3,1,0.46,0.99,11,8,3,6,0,0,0,0,0.56,341,1464.0679870628235,1410.9346948802065,1474.6711278399964,1400.3315541030336
game_2023_342,SAS,WIC,2,0,0.83,0.36,10,8,3,2,1,0,1,0,0.38,342,1521.664080460065,1469.6485580329668,1532.3065292335339,1459.0061092594979
game_2023_343,FOR,TAC,3,1,2.89,0.9,21,16,5,8,0,0,0,0,0.62,343,1489.239480328353,1337.2020669243177,1496.5938283297712,1329.8477189228995
game_2023_344,SFS,EUG,2,0,1.38,0.19,19,7,8,3,0,0,1,0,0.62,344,1537.4896930818456,1472.4009245948625,1547.674952984686,1462.2156646920223
game_2023_345,OAK,BAK,0,1,1.05,0.98,12,14,3,2,0,0,0,0,0.62,345,1505.6522360706651,1483.061713849154,1492.3406201336193,1496.3733297862
game_2023_346,REN,BOI,1,1,0.51,1.5,9,16,8,3,0,0,0,0,0.69,346,1502.2672808172624,1516.506513797869,1490.2792917665822,1528.4945028485492
game_2023_347,FAR,SJU,4,1,2.09,0.32,15,10,7,4,0,0,0,1,0.62,347,1565.3916501098158,1436.08569756567,1573.4430192605262,1428.0343284149596
game_2023_348,AUG,DES,0,3,0.78,2.3,22,15,4,7,0,0,0,0,0.64,348,1527.1902830739111,1538.784034863745,1515.1072470696658,1550.8670708679904
game_2023_349,EUG,ANC,2,5,1.56,1.09,12,9,8,2,0,0,0,0,0.42,349,1462.2156646920223,1598.692988509758,1454.3879525012878,1606.5207007004924
game_2023_350,MOB,LAR,0,1,1.07,0.84,11,3,3,9,0,0,0,0,0.66,350,1474.6711278399964,1546.1656807281483,1464.7076492103236,1556.1291593578212
game_2023_351,SAS,DOV,1,2,1.91,0.98,20,4,8,1,0,0,0,0,0.47,351,1532.3065292335339,1509.5420235491622,1518.9886803305321,1522.859872452164
game_2023_352,LRO,SPR,1,2,2.53,1.39,11,7,3,3,0,0,0,0,0.72,352,1563.8882357802695,1496.3334554262042,1548.9879300679154,1511.2337611385583
game_2023_353,SFS,REN,1,4,1.36,1.31,20,5,4,4,0,0,0,0,0.52,353,1547.674952984686,1490.2792917665822,1533.1285599115593,1504.8256848397089
game_2023_354,BAK,FOR,1,0,1.7,0.48,22,2,7,1,0,0,1,0,0.37,354,1496.3733297862,1496.5938283297712,1508.881262857939,1484.0858952580322
game_2023_355,SPR,LEX,3,0,1.73,0.39,18,13,3,1,0,0,0,0,0.52,355,1511.2337611385583,1533.613927076232,1524.5378405105687,1520.3098477042215
game_2023_356,ANC,TUC,0,1,1.59,0.83,14,15,4,9,0,0,0,0,0.51,356,1606.5207007004924,1427.8073500251041,1588.1038308620155,1446.224219863581
game_2023_357,WIC,FAR,0,3,1.18,1.47,23,13,1,7,0,0,2,0,0.54,357,1459.0061092594979,1573.4430192605262,1450.4806078504887,1581.9685206695353
game_2023_358,JAC,LAR,1,1,0.29,0.49,5,4,5,7,0,0,0,0,0.53,358,1558.5484957585918,1556.1291593578212,1545.9614545415093,1568.7162005749037
game_2023_359,SJU,DOV,0,2,0.28,1.28,8,7,1,4,0,0,0,0,0.5,359,1428.0343284149596,1522.859872452164,1418.8636904093103,1532.0305104578133
game_2023_360,PRO,MOB,2,3,2.38,2.0,24,11,2,5,0,0,0,0,0.41,360,1520.1117405605312,1464.7076492103236,1505.6351443182962,1479.1842454525586
game_2023_361,BOI,EUG,0,1,1.9,0.82,22,7,10,6,0,0,1,0,0.53,361,1528.4945028485492,1454.3879525012878,1513.3680158524735,1469.5144394973636
game_2023_362,CHM,LRO,1,1,1.74,0.84,22,9,7,4,0,0,1,0,0.49,362,1463.9534807119312,1548.9879300679154,1479.4531827549097,1533.488228024937
game_2023_363,OAK,SAS,2,7,2.36,0.72,18,9,6,3,0,0,0,0,0.44,363,1492.3406201336193,1518.9886803305321,1480.797485560014,1530.5318149041375
game_2023_364,MAN,AUG,0,2,1.9,0.88,15,8,4,4,0,0,0,0,0.58,364,1456.9164668794435,1515.1072470696658,1446.490689481149,1525.5330244679603
game_2023_365,DES,TOL,1,2,1.22,1.17,17,5,3,5,0,0,0,0,0.5,365,1550.8670708679904,1546.83925948109,1538.222165196174,1559.4841651529064
game_2023_366,TAC,ALB,3,3,0.36,1.21,6,7,3,5,0,0,0,0,0.56,366,1329.8477189228995,1400.3315541030336,1319.8493536524425,1410.3299193734906
game_2023_367,FOR,FAR,3,1,1.96,1.19,21,9,9,7,0,0,0,0,0.48,367,1484.0858952580322,1581.9685206695353,1500.017200354644,1566.0372155729235
game_2023_368,ALB,REN,2,0,1.72,0.97,8,3,4,4,0,0,1,0,0.49,368,1410.3299193734906,1504.8256848397089,1426.1482555513298,1489.0073486618696
game_2023_369,LEX,CHM,2,1,1.55,0.83,8,11,3,10,0,1,0,1,0.35,369,1520.3098477042215,1479.4531827549097,1531.3466494580575,1468.4163810010737
game_2023_370,DOV,ANC,5,0,2.31,0.3,17,6,3,4,0,0,0,0,0.59,370,1532.0305104578133,1588.1038308620155,1546.530574932165,1573.6037663876637
game_2023_371,BAK,TUC,2,1,1.62,0.32,23,8,4,6,0,0,0,0,0.56,371,1508.881262857939,1446.224219863581,1519.15111928786,1435.95436343366
game_2023_372,SPR,PRO,0,3,0.5,1.07,5,20,5,7,0,0,0,0,0.45,372,1524.5378405105687,1505.6351443182962,1511.3584315759936,1518.8145532528713
game_2023_373,MAN,JAC,3,0,2.81,0.63,20,13,4,0,0,0,0,0,0.58,373,1446.490689481149,1545.9614545415093,1462.4747604236247,1529.9773835990336
game_2023_374,EUG,OAK,0,0,0.72,1.02,14,11,5,7,0,0,1,0,0.47,374,1469.5144394973636,1480.797485560014,1457.4202370642015,1492.891687993176
game_2023_375,SAS,BOI,3,3,2.42,1.32,11,17,8,0,0,0,0,0,0.53,375,1530.5318149041375,1513.3680158524735,1542.4147994539755,1501.4850313026354
game_2023_376,TAC,WIC,0,3,1.32,1.63,21,9,7,3,0,0,0,0,0.5,376,1319.8493536524425,1450.4806078504887,1311.8395701529714,1458.4903913499597
game_2023_377,DES,MOB,0,1,1.26,1.07,15,9,5,6,0,0,0,0,0.58,377,1538.222165196174,1479.1842454525586,1523.6183155755693,1493.7880950731633
game_2023_378,LRO,SJU,3,0,3.27,0.47,20,15,6,3,0,0,0,0,0.59,378,1533.488228024937,1418.8636904093103,1542.0076624901237,1410.3442559441235
game_2023_379,LAR,SFS,3,2,1.43,0.51,27,6,8,2,1,0,1,0,0.62,379,1568.7162005749037,1533.1285599115593,1579.9402913544936,1521.9044691319693
game_2023_380,TOL,AUG,0,0,0.34,1.13,2,15,11,3,0,0,0,0,0.5,380,1559.4841651529064,1525.5330244679603,1545.766547908152,1539.2506417127147
game_2023_381,DOV,LRO,1,3,1.45,0.52,11,9,3,4,0,0,0,0,0.45,381,1546.530574932165,1542.0076624901237,1533.8678592680437,1554.670378154245
game_2023_382,LAR,MAN,3,1,1.86,1.58,16,21,2,4,0,0,1,0,0.53,382,1579.9402913544936,1462.4747604236247,1588.3681185968717,1454.0469331812467
game_2023_383,OAK,ANC,0,7,1.43,1.66,21,10,4,2,0,0,0,0,0.43,383,1492.891687993176,1573.6037663876637,1483.2444045844748,1583.251049796365
game_2023_384,AUG,SJU,3,0,2.91,0.33,17,5,3,2,0,0,1,1,0.61,384,1539.2506417127147,1410.3442559441235,1547.3145707875228,1402.2803268693153
game_2023_385,MOB,SFS,0,3,1.12,2.54,20,18,0,5,0,0,1,0,0.42,385,1493.7880950731633,1521.9044691319693,1482.2974604865565,1533.3951037185761
game_2023_386,TUC,FAR,2,3,1.61,1.36,3,14,3,1,0,0,0,0,0.45,386,1435.95436343366,1566.0372155729235,1427.9273857961507,1574.064193210433
game_2023_387,CHM,PRO,1,3,2.17,1.92,19,12,5,5,0,0,0,0,0.5,387,1468.4163810010737,1518.8145532528713,1457.7169893923563,1529.5139448615887
game_2023_388,BOI,BAK,3,0,1.02,0.75,13,2,9,5,0,0,0,0,0.52,388,1501.4850313026354,1519.15111928786,1514.620072719632,1506.0160778708635
game_2023_389,FOR,ALB,0,2,2.15,1.13,18,13,2,0,0,0,0,0,0.71,389,1500.017200354644,1426.1482555513298,1484.898885660108,1441.266570245866
game_2023_390,JAC,SPR,5,2,2.45,0.15,12,16,1,3,0,0,0,0,0.66,390,1529.9773835990336,1511.3584315759936,1541.8081534729388,1499.5276617020884
game_2023_391,TOL,REN,3,1,1.49,1.33,19,17,6,9,0,0,0,1,0.48,391,1545.766547908152,1489.0073486618696,1556.2424463411296,1478.531450228892
game_2023_392,OAK,FOR,4,3,2.48,1.75,14,12,7,10,1,0,2,0,0.41,392,1483.2444045844748,1484.898885660108,1495.8039288761265,1472.3393613684561
game_2023_393,CHM,MAN,1,1,1.18,1.33,19,10,5,5,0,0,0,0,0.53,393,1457.7169893923563,1454.0469331812467,1445.0849534170127,1466.6789691565903
game_2023_394,LEX,DES,4,5,0.27,1.85,11,13,5,3,0,0,0,0,0.37,394,1531.3466494580575,1523.6183155755693,1518.5686461455011,1536.3963188881257
game_2023_395,BAK,SAS,1,2,1.56,1.56,14,19,7,4,0,0,0,0,0.42,395,1506.0160778708635,1542.4147994539755,1494.8208571091973,1553.6100202156417
game_2023_396,SPR,DOV,2,1,1.38,1.26,11,16,4,7,0,0,0,1,0.55,396,1499.5276617020884,1533.8678592680437,1513.2591420593644,1520.1363789107677
game_2023_397,ALB,LRO,2,5,1.1,1.14,14,7,8,3,0,0,0,0,0.39,397,1441.266570245866,1554.670378154245,1432.7076261944326,1563.2293222056785
game_2023_398,SJU,ANC,0,0,0.46,0.56,7,2,4,5,0,0,0,0,0.53,398,1402.2803268693153,1583.251049796365,1395.760020974955,1589.7713556907252
game_2023_399,REN,TUC,2,0,1.6,0.46,8,5,7,2,0,0,0,0,0.63,399,1478.531450228892,1427.9273857961507,1489.2235885981127,1417.23524742693
game_2023_400,MOB,JAC,0,0,1.54,0.87,15,11,6,8,0,0,0,0,0.43,400,1482.2974604865565,1541.8081534729388,1496.917833862731,1527.1877800967643
game_2023_401,LAR,AUG,0,3,0.84,1.38,14,15,4,4,0,0,0,0,0.36,401,1588.3681185968717,1547.3145707875228,1574.3979344422464,1561.284754942148
game_2023_402,FAR,BOI,2,0,2.55,0.57,19,7,6,3,0,0,0,0,0.55,402,1574.064193210433,1514.620072719632,1584.4461461294989,1504.238119800566
game_2023_403,SFS,TAC,2,2,1.86,0.91,15,14,1,5,1,0,2,0,0.6,403,1533.3951037185761,1311.8395701529714,1538.8535619494617,1306.381111922086
game_2023_404,WIC,EUG,5,1,1.68,0.69,15,4,4,6,0,0,0,0,0.48,404,1458.4903913499597,1457.4202370642015,1470.9518895763194,1444.9587388378418
game_2023_405,AUG,LEX,3,1,4.03,0.87,25,10,9,4,0,0,1,0,0.65,405,1561.284754942148,1518.5686461455011,1572.2556164185428,1507.5977846691064
game_2023_406,JAC,CHM,3,1,2.93,1.24,20,13,5,2,0,0,0,0,0.56,406,1527.1877800967643,1445.0849534170127,1536.787676898338,1435.485056615439
game_2023_407,REN,FOR,2,1,2.72,0.76,13,12,3,3,0,0,0,0,0.53,407,1489.2235885981127,1472.3393613684561,1501.116607441562,1460.4463425250067
game_2023_408,BOI,SJU,0,0,1.39,0.06,15,13,2,2,0,0,1,0,0.53,408,1504.238119800566,1395.760020974955,1512.9573701985041,1387.040770577017
game_2023_409,OAK,SFS,3,0,0.44,0.34,6,6,9,1,0,0,0,0,0.32,409,1495.8039288761265,1538.8535619494617,1509.8448859374007,1524.8126048881875
game_2023_410,SAS,FAR,1,0,1.61,1.08,13,11,5,4,0,0,0,0,0.67,410,1553.6100202156417,1584.4461461294989,1567.2165351430383,1570.8396312021023
game_2023_411,MAN,PRO,2,3,3.03,1.59,16,12,12,4,0,0,0,0,0.53,411,1466.6789691565903,1529.5139448615887,1456.4153100352016,1539.7776039829773
game_2023_412,ALB,BAK,1,0,0.67,0.77,16,17,5,3,0,0,0,0,0.52,412,1432.7076261944326,1494.8208571091973,1447.41882205006,1480.1096612535698
game_2023_413,SPR,LAR,2,5,1.76,0.93,20,8,3,6,0,0,0,0,0.58,413,1513.2591420593644,1574.3979344422464,1502.9363599474848,1584.720716554126
game_2023_414,DES,AUG,2,3,2.17,2.05,15,19,3,6,0,0,0,0,0.47,414,1536.3963188881257,1572.2556164185428,1525.1818991461241,1583.4700361605444
game_2023_415,DOV,TOL,2,1,0.74,1.77,12,17,4,6,0,0,0,0,0.48,415,1520.1363789107677,1556.2424463411296,1533.930742877693,1542.4480823742042
game_2023_416,LEX,WIC,2,2,2.41,1.89,22,17,9,6,0,0,0,0,0.47,416,1507.5977846691064,1470.9518895763194,1518.7842101963752,1459.7654640490507
game_2023_417,TUC,TAC,3,7,2.41,0.7,17,12,6,3,0,0,0,0,0.53,417,1417.23524742693,1306.381111922086,1400.8769948759332,1322.7393644730828
game_2023_418,LRO,MOB,4,3,3.05,1.18,25,11,9,3,1,0,2,0,0.53,418,1563.2293222056785,1496.917833862731,1573.3721275744908,1486.7750284939186
game_2023_419,ANC,EUG,0,0,1.97,0.67,19,14,5,5,0,0,0,0,0.47,419,1589.7713556907252,1444.9587388378418,1597.3434213713633,1437.3866731572036
game_2023_420,JAC,MAN,1,1,1.14,1.08,15,3,4,0,0,0,0,0,0.54,420,1536.787676898338,1456.4153100352016,1546.4465484282755,1446.7564385052642
game_2023_421,PRO,CHM,0,1,0.94,0.97,16,16,2,6,0,0,0,0,0.42,421,1539.7776039829773,1435.485056615439,1523.634159325584,1451.6285012728322
game_2023_422,TAC,SJU,2,0,2.1,0.36,13,15,6,7,0,0,0,0,0.59,422,1322.7393644730828,1387.040770577017,1337.5267368859259,1372.2533981641739
game_2023_423,BAK,FAR,1,2,0.25,1.59,17,8,7,3,0,0,0,0,0.46,423,1480.1096612535698,1570.8396312021023,1470.8017016121014,1580.1475908435707
game_2023_424,TUC,LAR,0,3,2.02,0.78,25,6,4,5,0,0,1,0,0.43,424,1400.8769948759332,1584.720716554126,1394.4360833025328,1591.1616281275265
game_2023_425,TOL,LRO,1,1,1.3,1.07,11,13,3,7,0,0,1,0,0.55,425,1542.4480823742042,1573.3721275744908,1556.0577355953794,1559.7624743533156
game_2023_426,EUG,SFS,2,1,1.12,0.89,17,10,8,1,0,0,0,0,0.32,426,1437.3866731572036,1524.8126048881875,1452.9673257532056,1509.2319522921855
game_2023_427,FOR,BOI,6,3,2.82,0.82,11,5,8,6,0,0,0,0,0.45,427,1460.4463425250067,1512.9573701985041,1474.821323598,1498.5823891255109
game_2023_428,ANC,WIC,1,0,0.94,0.27,15,16,3,2,0,0,0,0,0.44,428,1597.3434213713633,1459.7654640490507,1605.1371079433763,1451.9717774770377
game_2023_429,BOI,LEX,0,1,3.01,0.27,22,14,13,0,0,0,0,0,0.59,429,1498.5823891255109,1518.7842101963752,1486.8083900690444,1530.5582092528416
game_2023_430,MAN,DES,0,1,1.5,0.21,1,4,8,2,0,0,0,0,0.41,430,1446.7564385052642,1525.1818991461241,1437.0310559932616,1534.9072816581267
game_2023_431,SFS,ANC,2,1,2.31,0.81,5,13,4,6,0,0,0,0,0.52,431,1509.2319522921855,1605.1371079433763,1525.0973709476793,1589.2716892878825
game_2023_432,WIC,SAS,2,1,1.13,1.29,21,15,4,2,0,0,2,0,0.54,432,1451.9717774770377,1567.2165351430383,1468.4723829830991,1550.7159296369769
game_2023_433,TAC,BAK,4,2,2.26,0.81,14,20,9,8,0,0,0,0,0.57,433,1337.5267368859259,1470.8017016121014,1354.5995677301146,1453.7288707679127
game_2023_434,LAR,JAC,1,3,1.95,0.63,19,8,6,1,1,0,1,0,0.4,434,1591.1616281275265,1546.4465484282755,1577.0616977078362,1560.5464788479658
game_2023_435,FOR,OAK,1,1,1.19,1.16,12,11,8,4,0,0,0,0,0.52,435,1474.821323598,1509.8448859374007,1488.577146601961,1496.0890629334397
game_2023_436,LRO,DOV,2,1,1.81,0.88,17,14,9,6,0,0,0,0,0.53,436,1559.7624743533156,1533.930742877693,1571.3348118115698,1522.358405419439
game_2023_437,AUG,SPR,2,1,2.01,0.44,21,6,3,2,0,0,0,0,0.56,437,1583.4700361605444,1502.9363599474848,1593.1234045187277,1493.2829915893014
game_2023_438,EUG,REN,2,0,1.28,0.68,13,7,3,4,0,0,0,0,0.35,438,1452.9673257532056,1501.116607441562,1467.1886298577492,1486.8953033370185
game_2023_439,TOL,MOB,2,3,0.93,1.29,8,8,5,5,0,0,0,0,0.44,439,1556.0577355953794,1486.7750284939186,1541.0976126543164,1501.7351514349816
game_2023_440,FAR,TUC,1,0,0.84,0.34,2,1,6,8,0,0,1,0,0.49,440,1580.1475908435707,1394.4360833025328,1586.537226629171,1388.0464475169324
game_2023_441,SJU,PRO,0,2,1.82,0.59,22,10,6,2,0,1,0,1,0.43,441,1372.2533981641739,1523.634159325584,1364.879413372049,1531.008144117709
game_2023_442,CHM,ALB,0,1,1.62,1.16,16,13,1,7,0,0,0,0,0.52,442,1451.6285012728322,1447.41882205006,1438.9770532992522,1460.07027002364
game_2023_443,WIC,SFS,2,4,2.07,2.36,5,18,2,1,0,0,0,0,0.45,443,1468.4723829830991,1525.0973709476793,1457.9917822275904,1535.577971703188
game_2023_444,REN,LEX,1,2,1.52,1.33,10,6,5,2,0,0,0,0,0.53,444,1486.8953033370185,1530.5582092528416,1475.9579845995927,1541.4955279902674
game_2023_445,MOB,PRO,1,5,2.34,1.54,14,11,4,7,0,0,0,0,0.41,445,1501.7351514349816,1531.008144117709,1490.2858469524942,1542.4574486001964
game_2023_446,LAR,LRO,1,0,1.53,0.97,14,10,4,2,0,0,0,0,0.38,446,1577.0616977078362,1571.3348118115698,1589.355675083511,1559.040834435895
game_2023_447,EUG,FOR,0,1,1.07,1.34,18,15,10,5,0,0,0,0,0.32,447,1467.1886298577492,1488.577146601961,1455.457172983112,1500.3086034765981
game_2023_448,LEX,MAN,0,0,0.65,1.02,16,9,2,2,0,0,1,0,0.52,448,1541.4955279902674,1437.0310559932616,1525.3464241703698,1453.1801598131592
game_2023_449,ANC,SAS,2,7,1.42,1.66,19,13,0,4,0,0,0,1,0.41,449,1589.2716892878825,1550.7159296369769,1575.3902006302117,1564.5974182946477
game_2023_450,JAC,SJU,0,0,2.13,0.34,15,6,3,3,0,0,0,0,0.65,450,1560.5464788479658,1364.879413372049,1566.6673611685217,1358.758531051493
game_2023_451,WIC,BAK,1,2,1.79,0.93,16,8,7,3,0,0,0,1,0.55,451,1457.9917822275904,1453.7288707679127,1445.3384193550423,1466.3822336404608
game_2023_452,DES,DOV,5,2,2.13,0.78,7,10,11,3,0,0,0,0,0.52,452,1534.9072816581267,1522.358405419439,1546.9559957678716,1510.309691309694
game_2023_453,CHM,SPR,2,2,1.73,1.06,18,15,5,5,0,0,1,0,0.68,453,1438.9770532992522,1493.2829915893014,1453.4151090784462,1478.8449358101075
game_2023_454,SFS,BOI,1,1,1.47,0.83,25,12,5,1,0,0,0,1,0.63,454,1535.577971703188,1486.8083900690444,1546.3347791060557,1476.0515826661767
game_2023_455,OAK,TUC,2,0,1.07,0.67,15,10,7,5,0,0,0,0,0.53,455,1496.0890629334397,1388.0464475169324,1504.822553177575,1379.3129572727971
game_2023_456,ALB,FAR,1,2,1.38,0.88,16,6,7,2,0,0,0,0,0.53,456,1460.07027002364,1586.537226629171,1451.92943859951,1594.6780580533011
game_2023_457,AUG,TOL,1,0,2.11,0.21,20,9,9,5,0,0,0,1,0.57,457,1593.1234045187277,1541.0976126543164,1603.765491980208,1530.4555251928361
game_2023_458,TAC,REN,0,3,1.74,1.27,21,18,8,3,0,0,0,0,0.51,458,1354.5995677301146,1475.9579845995927,1346.296473661409,1484.2610786682983
game_2023_459,DES,CHM,2,3,0.87,0.55,6,16,0,4,0,0,1,0,0.52,459,1546.9559957678716,1453.4151090784462,1531.1696162955243,1469.2014885507936
game_2023_460,PRO,TOL,3,0,3.13,0.61,17,5,1,3,0,0,0,0,0.4,460,1542.4574486001964,1530.4555251928361,1554.5258163717428,1518.3871574212897
game_2023_461,SJU,LEX,3,1,3.01,1.24,18,16,6,5,0,0,0,0,0.57,461,1358.758531051493,1525.3464241703698,1376.831354307551,1507.2736009143118
game_2023_462,TOL,CHM,0,3,1.67,1.6,27,16,7,8,0,0,0,0,0.46,462,1518.3871574212897,1469.2014885507936,1504.1292884731963,1483.459357498887
game_2023_463,SPR,DES,1,1,1.15,0.41,13,13,8,2,0,0,0,0,0.28,463,1478.8449358101075,1531.1696162955243,1493.2133628229044,1516.8011892827274
game_2023_464,FOR,ANC,0,2,2.14,1.31,11,10,2,3,0,0,0,0,0.58,464,1500.3086034765981,1575.3902006302117,1490.468601965522,1585.2302021412877
game_2023_465,TUC,SFS,1,3,0.83,0.92,3,15,3,3,0,0,0,0,0.34,465,1379.3129572727971,1546.3347791060557,1372.3982823813126,1553.2494539975405
game_2023_466,PRO,JAC,0,4,1.05,1.11,13,12,7,4,0,0,0,0,0.39,466,1554.5258163717428,1566.6673611685217,1542.4624658240186,1578.7307117162459
game_2023_467,MAN,LAR,0,1,1.42,0.94,13,7,7,2,0,0,0,0,0.55,467,1453.1801598131592,1589.355675083511,1445.3431032280594,1597.1927316686108
game_2023_468,FAR,OAK,1,4,1.69,1.56,13,20,8,4,0,0,1,0,0.66,468,1594.6780580533011,1504.822553177575,1579.0154463467745,1520.4851648841016
game_2023_469,LRO,AUG,1,2,1.64,0.86,7,12,5,9,0,1,0,1,0.55,469,1559.040834435895,1603.765491980208,1548.1411037997827,1614.6652226163203
game_2023_470,BOI,ALB,0,3,1.37,0.97,15,21,7,7,0,0,1,0,0.48,470,1476.0515826661767,1451.92943859951,1462.6851105708577,1465.295910694829
game_2023_471,REN,WIC,2,2,1.97,1.56,19,15,7,3,0,0,1,0,0.56,471,1484.2610786682983,1445.3384193550423,1495.3665524950131,1434.2329455283275
game_2023_472,SAS,TAC,1,2,0.71,0.51,19,12,7,7,0,0,0,0,0.42,472,1564.5974182946477,1346.296473661409,1545.13623388895,1365.7576580671066
game_2023_473,DOV,MOB,1,1,1.7,0.14,19,10,1,5,0,0,0,0,0.51,473,1510.309691309694,1490.2858469524942,1522.0900721824958,1478.5054660796925
game_2023_474,BAK,EUG,3,2,2.68,1.43,17,18,9,6,1,0,2,1,0.49,474,1466.3822336404608,1455.457172983112,1478.4893024859716,1443.3501041376012
game_2023_475,LRO,LEX,1,2,2.1,1.3,17,6,5,5,0,0,0,0,0.51,475,1548.1411037997827,1507.2736009143118,1534.177520971722,1521.2371837423725
game_2023_476,WIC,SPR,1,1,1.73,0.57,13,3,1,7,0,0,0,0,0.56,476,1434.2329455283275,1493.2133628229044,1448.8347848806084,1478.6115234706235
