,game_id,HomeTeam,AwayTeam,HomeScore,AwayScore,Home_xG,Away_xG,Home_shots,Away_shots,Home_corner,Away_corner,Home_PK_Goal,Away_PK_Goal,Home_PK_shots,Away_PK_shots,Home_ToP,home_elo_start,away_elo_start,home_elo_end,away_elo_end
0,game_2023_94,TUC,ALB,1,3,2.52,2.0,13,15,3,4,0,0,1,0,0.53,1500.0,1500.0,1484.0,1516.0
1,game_2023_341,MOB,ALB,3,1,0.46,0.99,11,8,3,6,0,0,0,0,0.56,1500.0,1516.0,1516.736306793522,1499.263693206478
2,game_2023_442,CHM,ALB,0,1,1.62,1.16,16,13,1,7,0,0,0,0,0.52,1500.0,1499.263693206478,1483.9660918698307,1515.2976013366472
3,game_2023_50,SAS,ALB,2,1,1.53,0.55,20,2,6,1,0,0,0,0,0.49,1500.0,1515.2976013366472,1516.7040256829766,1498.5935756536705
4,game_2023_389,FOR,ALB,0,2,2.15,1.13,18,13,2,0,0,0,0,0,0.71,1500.0,1498.5935756536705,1483.9352321190852,1514.6583435345854
5,game_2023_27,FAR,ALB,3,2,2.26,1.16,17,10,8,6,0,0,1,0,0.69,1500.0,1514.6583435345854,1516.6746414253626,1497.9837021092228
6,game_2023_187,PRO,ALB,4,1,2.59,2.23,21,16,1,5,0,0,1,0,0.52,1500.0,1497.9837021092228,1515.9071470930724,1482.0765550161505
7,game_2023_366,TAC,ALB,3,3,0.36,1.21,6,7,3,5,0,0,0,0,0.56,1500.0,1482.0765550161505,1483.1753262944994,1498.901228721651
8,game_2023_258,REN,ALB,0,1,0.8,0.8,22,6,6,6,0,0,0,0,0.57,1500.0,1498.901228721651,1483.9493998813698,1514.9518288402812
9,game_2023_470,BOI,ALB,0,3,1.37,0.97,15,21,7,7,0,0,1,0,0.48,1500.0,1514.9518288402812,1484.6881324103026,1530.2636964299786
10,game_2023_162,WIC,ALB,2,2,1.36,2.24,22,23,0,5,0,0,0,0,0.6,1500.0,1530.2636964299786,1485.390180531284,1544.8735158986947
11,game_2023_241,OAK,ALB,2,2,1.6,1.43,12,19,7,5,0,0,0,0,0.47,1500.0,1544.8735158986947,1518.0550872429922,1526.8184286557025
12,game_2023_308,BAK,ALB,3,3,1.53,1.18,11,13,5,2,0,0,0,0,0.48,1500.0,1526.8184286557025,1517.23258723541,1509.5858414202926
13,game_2023_204,SFS,ALB,2,0,1.52,0.53,12,10,2,3,0,0,0,0,0.54,1500.0,1509.5858414202926,1516.4413323327433,1493.1445090875493
14,game_2023_134,SPR,ALB,7,2,0.92,1.28,11,14,7,3,0,0,1,0,0.5,1500.0,1493.1445090875493,1515.684333942427,1477.4601751451223
15,game_2023_120,ANC,ALB,3,2,3.27,1.48,28,13,5,6,0,0,1,0,0.52,1500.0,1477.4601751451223,1514.9634564799514,1462.4967186651709
16,game_2023_80,EUG,ALB,1,1,0.83,1.48,12,16,4,3,0,0,1,0,0.5,1500.0,1462.4967186651709,1482.2795868072835,1480.2171318578874
17,game_2023_289,REN,ANC,0,0,0.55,0.13,3,18,3,4,0,0,1,1,0.54,1483.9493998813698,1514.9634564799514,1501.373868421748,1497.5389879395732
18,game_2023_313,SPR,ANC,3,2,1.6,0.67,19,7,8,3,1,0,1,0,0.49,1515.684333942427,1497.5389879395732,1530.8494688017017,1482.3738530802984
19,game_2023_156,TAC,ANC,4,0,1.34,0.94,13,10,10,7,1,0,1,0,0.4,1483.1753262944994,1482.3738530802984,1499.1384171544603,1466.4107622203376
20,game_2023_349,EUG,ANC,2,5,1.56,1.09,12,9,8,2,0,0,0,0,0.42,1482.2795868072835,1466.4107622203376,1465.5493081761265,1483.1410408514946
21,game_2023_253,BOI,ANC,1,2,1.33,1.18,16,18,4,7,0,0,0,0,0.51,1484.6881324103026,1483.1410408514946,1468.6168866819776,1499.2122865798196
22,game_2023_75,SAS,ANC,1,2,2.49,0.82,25,11,7,3,0,0,0,0,0.35,1516.7040256829766,1499.2122865798196,1499.8991812126314,1516.0171310501648
23,game_2023_42,TUC,ANC,2,0,1.67,0.95,14,16,5,2,0,0,0,0,0.58,1484.0,1516.0171310501648,1501.4702837847271,1498.5468472654377
24,game_2023_87,BAK,ANC,2,2,2.59,1.09,19,19,13,2,0,0,0,0,0.51,1517.23258723541,1498.5468472654377,1532.3729058230533,1483.4065286777943
25,game_2023_208,AUG,ANC,2,3,0.72,1.26,12,10,2,3,0,0,0,0,0.66,1500.0,1483.4065286777943,1483.2364228915344,1500.17010578626
26,game_2023_464,FOR,ANC,0,2,2.14,1.31,11,10,2,3,0,0,0,0,0.58,1483.9352321190852,1500.17010578626,1468.682332000843,1515.4230059045021
27,game_2023_383,OAK,ANC,0,7,1.43,1.66,21,10,4,2,0,0,0,0,0.43,1518.0550872429922,1515.4230059045021,1501.9338777367236,1531.5442154107707
28,game_2023_398,SJU,ANC,0,0,0.46,0.56,7,2,4,5,0,0,0,0,0.53,1500.0,1531.5442154107707,1485.4486864308562,1546.0955289799144
29,game_2023_4,FAR,ANC,0,1,2.27,1.08,4,14,8,3,0,0,0,0,0.51,1516.6746414253626,1546.0955289799144,1502.0262941351848,1560.7438762700922
30,game_2023_370,DOV,ANC,5,0,2.31,0.3,17,6,3,4,0,0,0,0,0.59,1500.0,1560.7438762700922,1518.769200593047,1541.9746756770453
31,game_2023_217,ALB,ANC,3,5,0.41,1.9,9,17,4,4,0,0,1,0,0.53,1480.2171318578874,1541.9746756770453,1467.0315922525976,1555.160215282335
32,game_2023_129,WIC,ANC,0,4,0.71,1.49,10,14,5,6,0,0,0,0,0.59,1485.390180531284,1555.160215282335,1472.5607049143816,1567.9896908992373
33,game_2023_431,SFS,ANC,2,1,2.31,0.81,5,13,4,6,0,0,0,0,0.52,1516.4413323327433,1567.9896908992373,1534.7979551105773,1549.6330681214033
34,game_2023_339,PRO,AUG,1,3,2.28,1.58,17,16,2,5,0,0,0,0,0.43,1515.9071470930724,1483.2364228915344,1498.407023589814,1500.7365463947926
35,game_2023_230,LEX,AUG,1,1,1.48,0.92,10,14,5,1,0,0,0,1,0.45,1500.0,1500.7365463947926,1516.0339191641658,1484.7026272306268
36,game_2023_327,CHM,AUG,0,1,1.28,1.3,14,9,8,5,0,0,0,0,0.43,1483.9660918698307,1484.7026272306268,1468.0000105258646,1500.668708574593
37,game_2023_21,EUG,AUG,2,1,1.16,1.44,10,11,5,5,0,0,0,0,0.53,1465.5493081761265,1500.668708574593,1483.1611304585228,1483.0568862921966
38,game_2023_11,SFS,AUG,1,1,1.34,1.2,6,11,2,1,0,0,0,0,0.54,1534.7979551105773,1483.0568862921966,1548.4326509343764,1469.4221904683975
39,game_2023_67,MOB,AUG,2,2,1.43,0.36,8,9,3,3,0,0,0,1,0.43,1516.736306793522,1469.4221904683975,1530.5707814350903,1455.5877158268293
40,game_2023_401,LAR,AUG,0,3,0.84,1.38,14,15,4,4,0,0,0,0,0.36,1500.0,1455.5877158268293,1481.9658063960615,1473.6219094307678
41,game_2023_469,LRO,AUG,1,2,1.64,0.86,7,12,5,9,0,1,0,1,0.55,1500.0,1473.6219094307678,1482.7875726956127,1490.8343367351551
42,game_2023_364,MAN,AUG,0,2,1.9,0.88,15,8,4,4,0,0,0,0,0.58,1500.0,1490.8343367351551,1483.5780034998538,1507.2563332353016
43,game_2023_380,TOL,AUG,0,0,0.34,1.13,2,15,11,3,0,0,0,0,0.5,1500.0,1507.2563332353016,1484.3341179153956,1522.9222153199057
44,game_2023_264,SAS,AUG,1,1,1.33,1.14,12,10,1,2,0,0,0,0,0.5,1499.8991812126314,1522.9222153199057,1516.957881937071,1505.863514595466
45,game_2023_161,SJU,AUG,2,3,1.25,0.75,6,8,6,3,0,0,0,0,0.45,1485.4486864308562,1505.863514595466,1470.3877435386335,1520.9244574876889
46,game_2023_283,SPR,AUG,4,1,0.73,0.99,16,13,3,4,0,0,1,1,0.35,1530.8494688017017,1520.9244574876889,1546.3925294271198,1505.3813968622708
47,game_2023_223,DOV,AUG,4,0,3.64,0.55,22,9,3,11,0,0,0,0,0.42,1518.769200593047,1505.3813968622708,1534.1529744092593,1489.9976230460584
48,game_2023_185,BAK,AUG,0,1,1.37,0.81,16,12,8,10,0,0,0,0,0.46,1532.3729058230533,1489.9976230460584,1514.4310710984348,1507.9394577706769
49,game_2023_307,JAC,AUG,2,1,2.21,1.1,16,8,8,0,0,0,0,1,0.53,1500.0,1507.9394577706769,1516.3655619128094,1491.5738958578675
50,game_2023_414,DES,AUG,2,3,2.17,2.05,15,19,3,6,0,0,0,0,0.47,1500.0,1491.5738958578675,1483.6120396238236,1507.9618562340438
51,game_2023_170,SAS,BAK,1,0,1.04,0.22,15,10,5,2,0,0,0,0,0.67,1516.957881937071,1514.4310710984348,1532.8415200492368,1498.547432986269
52,game_2023_325,ANC,BAK,1,0,2.32,0.12,15,5,8,6,0,0,0,0,0.55,1549.6330681214033,1498.547432986269,1563.2972963405484,1484.883204767124
53,game_2023_84,FOR,BAK,2,1,2.11,1.03,14,11,9,6,0,0,0,0,0.57,1468.682332000843,1484.883204767124,1485.4278694900365,1468.1376672779304
54,game_2023_293,TUC,BAK,1,1,1.12,1.37,13,15,6,9,0,0,0,0,0.72,1501.4702837847271,1468.1376672779304,1483.9399523923962,1485.6679986702613
55,game_2023_41,SPR,BAK,3,3,0.9,1.18,11,8,4,4,0,0,0,1,0.48,1546.3925294271198,1485.6679986702613,1527.6241930495123,1504.4363350478689
56,game_2023_122,FAR,BAK,2,2,2.63,1.37,25,3,4,4,0,0,0,0,0.54,1502.0262941351848,1504.4363350478689,1518.137278840681,1488.3253503423728
57,game_2023_5,DOV,BAK,0,0,1.9,0.56,17,6,5,3,0,0,0,0,0.53,1534.1529744092593,1488.3253503423728,1548.054689083136,1474.423635668496
58,game_2023_228,SFS,BAK,3,3,2.94,2.15,20,19,7,3,0,0,0,0,0.53,1548.4326509343764,1474.423635668496,1561.075041182508,1461.7812454203645
59,game_2023_433,TAC,BAK,4,2,2.26,0.81,14,20,9,8,0,0,0,0,0.57,1499.1384171544603,1461.7812454203645,1513.4246550631785,1447.4950075116462
60,game_2023_345,OAK,BAK,0,1,1.05,0.98,12,14,3,2,0,0,0,0,0.62,1501.9338777367236,1447.4950075116462,1483.4471921114446,1465.9816931369253
61,game_2023_219,PRO,BAK,2,2,1.61,0.73,19,12,5,7,0,0,1,0,0.55,1498.407023589814,1465.9816931369253,1512.9181022864739,1451.4706144402653
62,game_2023_412,ALB,BAK,1,0,0.67,0.77,16,17,5,3,0,0,0,0,0.52,1467.0315922525976,1451.4706144402653,1482.3154615241092,1436.1867451687538
63,game_2023_210,LAR,BAK,2,0,1.52,0.43,18,2,6,4,1,0,1,0,0.54,1481.9658063960615,1436.1867451687538,1495.8697190490025,1422.2828325158127
64,game_2023_388,BOI,BAK,3,0,1.02,0.75,13,2,9,5,0,0,0,0,0.52,1468.6168866819776,1422.2828325158127,1482.4956848863062,1408.404034311484
65,game_2023_451,WIC,BAK,1,2,1.79,0.93,16,8,7,3,0,0,0,1,0.55,1472.5607049143816,1408.404034311484,1453.6393108429618,1427.325428382904
66,game_2023_152,REN,BAK,2,4,2.19,0.84,20,11,8,2,0,0,0,0,0.58,1501.373868421748,1427.325428382904,1482.0145230864339,1446.6847737182181
67,game_2023_250,EUG,BAK,0,2,0.86,1.42,18,10,4,4,0,0,1,0,0.48,1483.1611304585228,1446.6847737182181,1465.4874768394295,1464.3584273373115
68,game_2023_402,FAR,BOI,2,0,2.55,0.57,19,7,6,3,0,0,0,0,0.55,1518.137278840681,1482.4956848863062,1532.5016563237607,1468.1313074032264
69,game_2023_192,EUG,BOI,4,3,1.16,1.64,19,15,5,6,0,0,0,0,0.41,1465.4874768394295,1468.1313074032264,1481.6092273863283,1452.0095568563277
70,game_2023_454,SFS,BOI,1,1,1.47,0.83,25,12,5,1,0,0,0,1,0.63,1561.075041182508,1452.0095568563277,1572.211118771831,1440.8734792670045
71,game_2023_35,LAR,BOI,3,0,2.03,0.5,14,7,4,5,0,0,0,0,0.5,1495.8697190490025,1440.8734792670045,1509.357991870719,1427.385206445288
72,game_2023_174,JAC,BOI,0,2,0.52,1.18,17,10,9,3,0,0,0,0,0.56,1516.3655619128094,1427.385206445288,1496.3551651432888,1447.3956032148087
73,game_2023_12,TUC,BOI,1,5,1.06,2.09,17,14,7,7,0,0,1,1,0.53,1483.9399523923962,1447.3956032148087,1466.2632019300856,1465.0723536771193
74,game_2023_375,SAS,BOI,3,3,2.42,1.32,11,17,8,0,0,0,0,0,0.53,1532.8415200492368,1465.0723536771193,1545.7596210693364,1452.1542526570197
75,game_2023_267,LRO,BOI,1,2,1.4,0.99,18,9,5,2,0,0,1,1,0.53,1482.7875726956127,1452.1542526570197,1465.3805004372548,1469.5613249153776
76,game_2023_96,AUG,BOI,2,1,1.77,0.67,16,6,8,3,0,0,0,0,0.56,1507.9618562340438,1469.5613249153776,1522.2006123138276,1455.3225688355938
77,game_2023_309,WIC,BOI,3,3,1.54,1.18,17,19,12,7,0,0,2,0,0.62,1453.6393108429618,1455.3225688355938,1469.7168271317014,1439.2450525468541
78,game_2023_105,ALB,BOI,1,1,1.64,1.95,15,14,6,2,0,0,0,0,0.53,1482.3154615241092,1439.2450525468541,1464.3420942669675,1457.2184198039959
79,game_2023_138,OAK,BOI,2,3,0.72,1.39,4,18,5,4,0,0,0,0,0.54,1483.4471921114446,1457.2184198039959,1466.2416019045613,1474.424010010879
80,game_2023_69,ANC,BOI,1,1,1.74,1.25,4,13,16,2,0,0,0,0,0.63,1563.2972963405484,1474.424010010879,1575.2915208700401,1462.4297854813874
81,game_2023_243,BAK,BOI,1,0,1.83,0.24,28,7,5,5,0,0,0,0,0.46,1464.3584273373115,1462.4297854813874,1480.2696110098418,1446.518601808857
82,game_2023_346,REN,BOI,1,1,0.51,1.5,9,16,8,3,0,0,0,0,0.69,1482.0145230864339,1446.518601808857,1464.3855392231885,1464.1475856721024
83,game_2023_57,TAC,BOI,0,2,1.57,1.01,17,15,4,0,0,0,0,0,0.61,1513.4246550631785,1464.1475856721024,1495.1704570557476,1482.4017836795333
84,game_2023_427,FOR,BOI,6,3,2.82,0.82,11,5,8,6,0,0,0,0,0.45,1485.4278694900365,1482.4017836795333,1501.2885166122492,1466.5411365573207
85,game_2023_215,BOI,CHM,1,1,0.34,0.35,13,4,3,7,0,0,0,0,0.53,1466.5411365573207,1468.0000105258646,1450.6083197915266,1483.9328272916587
86,game_2023_421,PRO,CHM,0,1,0.94,0.97,16,16,2,6,0,0,0,0,0.42,1512.9181022864739,1483.9328272916587,1495.586369210963,1501.2645603671695
87,game_2023_252,MAN,CHM,0,2,1.17,1.67,11,13,5,7,0,0,0,1,0.44,1483.5780034998538,1501.2645603671695,1468.3917967047516,1516.4507671622716
88,game_2023_128,LAR,CHM,3,3,3.65,0.93,29,7,9,3,0,0,0,0,0.64,1509.357991870719,1516.4507671622716,1525.684580875553,1500.1241781574377
89,game_2023_225,MOB,CHM,1,1,0.32,0.6,11,10,4,1,0,0,0,0,0.63,1530.5707814350903,1500.1241781574377,1513.1722417037486,1517.5227178887794
90,game_2023_74,DOV,CHM,2,2,1.97,0.78,27,3,8,4,0,0,1,0,0.31,1548.054689083136,1517.5227178887794,1562.6522481343593,1502.9251588375562
91,game_2023_99,TAC,CHM,0,2,1.57,1.45,17,9,3,2,0,0,0,0,0.53,1495.1704570557476,1502.9251588375562,1479.5275149797853,1518.5681009135185
92,game_2023_335,ANC,CHM,1,0,2.38,0.37,16,3,8,2,0,0,0,0,0.42,1575.2915208700401,1518.5681009135185,1588.7022753843842,1505.1573463991745
93,game_2023_462,TOL,CHM,0,3,1.67,1.6,27,16,7,8,0,0,0,0,0.46,1484.3341179153956,1505.1573463991745,1469.2919164661143,1520.1995478484557
94,game_2023_369,LEX,CHM,2,1,1.55,0.83,8,11,3,10,0,1,0,1,0.35,1516.0339191641658,1520.1995478484557,1532.2257442627638,1504.0077227498577
95,game_2023_459,DES,CHM,2,3,0.87,0.55,6,16,0,4,0,0,1,0,0.52,1483.6120396238236,1504.0077227498577,1468.55021810416,1519.0695442695214
96,game_2023_180,LRO,CHM,1,1,2.25,0.92,17,14,5,7,0,0,0,0,0.69,1465.3805004372548,1519.0695442695214,1483.8334781080641,1500.616566598712
97,game_2023_15,WIC,CHM,1,1,1.29,0.91,16,11,13,4,0,0,0,0,0.46,1469.7168271317014,1500.616566598712,1487.1360727483484,1483.197320982065
98,game_2023_263,SJU,CHM,2,1,1.51,1.34,12,19,6,4,0,0,0,0,0.51,1470.3877435386335,1483.197320982065,1486.9773792367798,1466.6076852839187
99,game_2023_142,AUG,CHM,1,1,1.91,0.29,15,3,8,6,0,0,0,0,0.53,1522.2006123138276,1466.6076852839187,1535.662091091926,1453.1462065058204
100,game_2023_53,SPR,CHM,2,1,0.83,0.69,12,15,5,6,0,0,1,1,0.44,1527.6241930495123,1453.1462065058204,1540.2459433009737,1440.524456254359
101,game_2023_406,JAC,CHM,3,1,2.93,1.24,20,13,5,2,0,0,0,0,0.56,1496.3551651432888,1440.524456254359,1509.8059704651466,1427.073650932501
102,game_2023_336,FAR,DES,1,4,2.13,2.63,15,18,3,6,0,0,0,1,0.52,1532.5016563237607,1468.55021810416,1513.5893994492787,1487.462474978642
103,game_2023_191,REN,DES,0,2,1.03,0.52,20,10,4,5,0,1,0,1,0.57,1464.3855392231885,1487.462474978642,1449.4467113167561,1502.4013028850743
104,game_2023_463,SPR,DES,1,1,1.15,0.41,13,13,8,2,0,0,0,0,0.28,1540.2459433009737,1502.4013028850743,1554.5099933414822,1488.1372528445659
105,game_2023_348,AUG,DES,0,3,0.78,2.3,22,15,4,7,0,0,0,0,0.64,1535.662091091926,1488.1372528445659,1517.4870401767078,1506.312303759784
106,game_2023_61,DOV,DES,1,2,2.21,0.32,19,4,7,7,0,0,1,0,0.42,1562.6522481343593,1506.312303759784,1544.0802029403758,1524.8843489537676
107,game_2023_288,MOB,DES,1,1,1.05,1.76,10,9,6,5,0,0,1,0,0.48,1513.1722417037486,1524.8843489537676,1497.71139996188,1540.3451906956361
108,game_2023_274,PRO,DES,1,1,0.2,1.04,6,14,4,2,0,0,1,0,0.59,1495.586369210963,1540.3451906956361,1481.6362614990976,1554.2952984075016
109,game_2023_115,TOL,DES,2,1,1.43,0.54,19,13,7,4,0,0,0,0,0.42,1469.2919164661143,1554.2952984075016,1489.130186737255,1534.457028136361
110,game_2023_239,TUC,DES,1,0,1.81,0.68,17,9,5,1,0,0,0,0,0.59,1466.2632019300856,1534.457028136361,1485.36392719905,1515.3563028673966
111,game_2023_100,ANC,DES,2,1,2.71,0.66,26,13,9,5,0,0,0,0,0.53,1588.7022753843842,1515.3563028673966,1601.3738668933559,1502.684711358425
112,game_2023_394,LEX,DES,4,5,0.27,1.85,11,13,5,3,0,0,0,0,0.37,1532.2257442627638,1502.684711358425,1514.8685983017874,1520.0418573194013
113,game_2023_430,MAN,DES,0,1,1.5,0.21,1,4,8,2,0,0,0,0,0.41,1468.3917967047516,1520.0418573194013,1454.7530012322018,1533.6806527919512
114,game_2023_86,LAR,DES,2,0,1.36,0.6,17,10,5,2,0,0,0,0,0.4,1525.684580875553,1533.6806527919512,1542.052748595415,1517.312485072089
115,game_2023_3,SJU,DES,1,2,1.23,1.11,16,9,6,7,0,0,0,0,0.47,1486.9773792367798,1517.312485072089,1472.3708234085636,1531.9190409003052
116,game_2023_200,CHM,DES,0,1,0.95,1.95,13,17,4,7,0,0,0,1,0.52,1427.073650932501,1531.9190409003052,1415.760545642043,1543.2321461907632
117,game_2023_40,LRO,DES,1,1,1.67,0.55,14,9,7,3,0,0,0,0,0.6,1483.8334781080641,1543.2321461907632,1502.5425452629922,1524.523079035835
118,game_2023_216,JAC,DES,2,2,2.42,0.83,22,13,6,2,0,0,1,0,0.49,1509.8059704651466,1524.523079035835,1526.4833132897481,1507.8457362112335
119,game_2023_240,CHM,DOV,0,1,1.15,1.45,15,8,4,5,0,0,1,0,0.53,1415.760545642043,1544.0802029403758,1405.4150854249056,1554.4256631575133
120,game_2023_93,MOB,DOV,2,3,1.97,0.62,6,14,6,1,1,0,1,0,0.54,1497.71139996188,1554.4256631575133,1484.3002348045397,1567.8368283148536
121,game_2023_231,MAN,DOV,7,1,1.82,1.28,16,15,1,7,0,0,2,0,0.56,1454.7530012322018,1567.8368283148536,1475.784278122083,1546.8055514249725
122,game_2023_266,PRO,DOV,4,1,1.26,0.16,13,18,6,3,0,0,0,0,0.57,1481.6362614990976,1546.8055514249725,1500.6027096616117,1527.8391032624584
123,game_2023_359,SJU,DOV,0,2,0.28,1.28,8,7,1,4,0,0,0,0,0.5,1472.3708234085636,1527.8391032624584,1458.9037485915703,1541.3061780794517
124,game_2023_396,SPR,DOV,2,1,1.38,1.26,11,16,4,7,0,0,0,1,0.55,1554.5099933414822,1541.3061780794517,1569.9022277432684,1525.9139436776654
125,game_2023_123,OAK,DOV,1,1,0.98,1.48,16,19,7,3,0,0,0,0,0.6,1466.2416019045613,1525.9139436776654,1452.9629092550704,1539.1926363271564
126,game_2023_186,LAR,DOV,1,2,1.13,1.36,15,13,0,6,0,1,0,1,0.6,1542.052748595415,1539.1926363271564,1525.9210385331319,1555.3243463894396
127,game_2023_49,AUG,DOV,3,3,0.84,0.82,10,18,7,3,0,0,0,0,0.73,1517.4870401767078,1555.3243463894396,1535.2226563587753,1537.588730207372
128,game_2023_351,SAS,DOV,1,2,1.91,0.98,20,4,8,1,0,0,0,0,0.47,1545.7596210693364,1537.588730207372,1529.383406996063,1553.9649442806453
129,game_2023_297,TOL,DOV,1,2,0.49,1.08,10,16,6,2,0,0,0,0,0.63,1489.130186737255,1553.9649442806453,1476.081756025415,1567.0133749924853
130,game_2023_436,LRO,DOV,2,1,1.81,0.88,17,14,9,6,0,0,0,0,0.53,1502.5425452629922,1567.0133749924853,1521.477922264,1548.0779979914776
131,game_2023_172,ALB,DOV,2,2,1.55,0.23,19,11,8,2,0,0,0,0,0.65,1464.3420942669675,1548.0779979914776,1484.1253061257573,1528.2947861326877
132,game_2023_23,JAC,DOV,2,3,1.01,2.42,7,17,5,5,0,0,0,0,0.65,1526.4833132897481,1528.2947861326877,1510.5667339411345,1544.2113654813013
133,game_2023_328,LEX,DOV,2,0,0.95,0.97,8,18,3,7,0,0,0,0,0.49,1514.8685983017874,1544.2113654813013,1532.216679041999,1526.8632847410897
134,game_2023_452,DES,DOV,5,2,2.13,0.78,7,10,11,3,0,0,0,0,0.52,1507.8457362112335,1526.8632847410897,1524.7206530728686,1509.9883678794547
135,game_2023_133,FAR,DOV,2,2,2.04,1.83,21,11,10,5,0,0,0,0,0.66,1513.5893994492787,1509.9883678794547,1529.4235717550066,1494.1541955737268
136,game_2023_107,FOR,EUG,1,7,1.38,1.51,16,13,7,2,0,0,0,0,0.67,1501.2885166122492,1481.6092273863283,1484.383219789004,1498.5145242095734
137,game_2023_8,CHM,EUG,0,0,1.54,1.18,11,3,8,0,0,0,0,0,0.57,1405.4150854249056,1498.5145242095734,1425.602720616387,1478.326889018092
138,game_2023_419,ANC,EUG,0,0,1.97,0.67,19,14,5,5,0,0,0,0,0.47,1601.3738668933559,1478.326889018092,1611.9329451244582,1467.7678107869897
139,game_2023_311,OAK,EUG,3,0,2.12,0.22,13,2,2,1,0,0,0,0,0.5,1452.9629092550704,1467.7678107869897,1469.644287805955,1451.086432236105
140,game_2023_189,TAC,EUG,1,3,0.69,2.36,15,17,4,3,0,0,0,0,0.59,1479.5275149797853,1451.086432236105,1462.2206724911123,1468.3932747247782
141,game_2023_95,JAC,EUG,2,1,2.6,0.5,16,8,4,6,0,0,1,0,0.54,1510.5667339411345,1468.3932747247782,1524.6340572799954,1454.3259513859173
142,game_2023_207,SAS,EUG,0,2,1.23,1.2,12,9,9,5,0,0,0,0,0.66,1529.383406996063,1454.3259513859173,1509.9796703604288,1473.7296880215515
143,game_2023_474,BAK,EUG,3,2,2.68,1.43,17,18,9,6,1,0,2,1,0.49,1480.2696110098418,1473.7296880215515,1495.9684719919662,1458.030827039427
144,game_2023_404,WIC,EUG,5,1,1.68,0.69,15,4,4,6,0,0,0,0,0.48,1487.1360727483484,1458.030827039427,1501.7988532501936,1443.368046537582
145,game_2023_39,TUC,EUG,3,1,2.18,0.51,14,10,4,9,1,0,1,0,0.58,1485.36392719905,1443.368046537582,1499.4393095090402,1429.2926642275918
146,game_2023_196,REN,EUG,3,3,2.49,0.41,20,11,7,4,0,0,0,0,0.56,1449.4467113167561,1429.2926642275918,1464.5196227781962,1414.2197527661517
147,game_2023_361,BOI,EUG,0,1,1.9,0.82,22,7,10,6,0,0,1,0,0.53,1450.6083197915266,1414.2197527661517,1432.9386649073415,1431.8894076503368
148,game_2023_344,SFS,EUG,2,0,1.38,0.19,19,7,8,3,0,0,1,0,0.62,1572.211118771831,1431.8894076503368,1582.0789182949375,1422.0216081272304
149,game_2023_55,FAR,EUG,1,0,1.24,0.84,14,11,4,5,0,0,0,0,0.62,1529.4235717550066,1422.0216081272304,1540.6292785434468,1410.8159013387901
150,game_2023_177,DES,EUG,2,2,1.7,0.24,14,8,2,3,1,0,1,0,0.63,1524.7206530728686,1410.8159013387901,1535.6553347868462,1399.8812196248125
151,game_2023_272,LEX,EUG,2,1,2.34,1.31,13,17,8,7,0,0,1,0,0.61,1532.216679041999,1399.8812196248125,1542.400968175834,1389.6969304909776
152,game_2023_286,ALB,EUG,0,1,1.04,0.75,11,11,1,2,0,0,0,0,0.65,1484.1253061257573,1389.6969304909776,1463.880720677009,1409.9415159397258
153,game_2023_145,ANC,FAR,1,1,1.18,1.27,9,16,1,6,0,0,1,0,0.39,1611.9329451244582,1540.6292785434468,1592.6946273746075,1559.8675962932975
154,game_2023_410,SAS,FAR,1,0,1.61,1.08,13,11,5,4,0,0,0,0,0.67,1509.9796703604288,1559.8675962932975,1528.2614341155954,1541.585832538131
155,game_2023_282,OAK,FAR,1,2,0.23,1.02,13,10,7,6,0,0,1,0,0.5,1469.644287805955,1541.585832538131,1456.9107671106667,1554.3193532334192
156,game_2023_291,TAC,FAR,1,3,1.44,0.86,10,17,3,7,0,1,0,2,0.6,1462.2206724911123,1554.3193532334192,1450.3653457869782,1566.1746799375533
157,game_2023_357,WIC,FAR,0,3,1.18,1.47,23,13,1,7,0,0,2,0,0.54,1501.7988532501936,1566.1746799375533,1488.7300022427573,1579.2435309449895
158,game_2023_323,BOI,FAR,0,3,1.53,1.87,10,11,7,4,0,0,0,0,0.57,1432.9386649073415,1579.2435309449895,1423.304362355707,1588.877833496624
159,game_2023_423,BAK,FAR,1,2,0.25,1.59,17,8,7,3,0,0,0,0,0.46,1495.9684719919662,1588.877833496624,1484.1479522508955,1600.6983532376946
160,game_2023_32,PRO,FAR,3,1,1.61,1.16,16,19,9,2,0,0,0,0,0.47,1500.6027096616117,1600.6983532376946,1521.08884825427,1580.2122146450363
161,game_2023_386,TUC,FAR,2,3,1.61,1.36,3,14,3,1,0,0,0,0,0.45,1499.4393095090402,1580.2122146450363,1487.093441920742,1592.5580822333345
162,game_2023_234,EUG,FAR,0,2,1.02,0.88,9,11,7,3,0,0,1,0,0.43,1409.9415159397258,1592.5580822333345,1401.6538407829473,1600.845757390113
163,game_2023_367,FOR,FAR,3,1,1.96,1.19,21,9,9,7,0,0,0,0,0.48,1484.383219789004,1600.845757390113,1505.5542746495375,1579.6747025295795
164,game_2023_456,ALB,FAR,1,2,1.38,0.88,16,6,7,2,0,0,0,0,0.53,1463.880720677009,1579.6747025295795,1453.0241861770326,1590.531237029556
165,game_2023_76,SFS,FAR,0,5,0.9,1.2,9,9,3,2,0,0,0,0,0.43,1582.0789182949375,1590.531237029556,1566.468085185722,1606.1420701387715
166,game_2023_165,CHM,FAR,2,1,1.59,1.55,16,14,7,0,0,0,0,0,0.64,1425.602720616387,1606.1420701387715,1449.2414005745507,1582.5033901806078
167,game_2023_203,REN,FAR,3,1,2.54,0.36,21,3,2,2,0,0,2,0,0.52,1464.5196227781962,1582.5033901806078,1485.7533263726089,1561.2696865861951
168,game_2023_109,LEX,FAR,1,0,1.02,0.24,20,10,8,4,0,0,1,0,0.45,1542.400968175834,1561.2696865861951,1559.2690514916865,1544.4016032703425
169,game_2023_64,TOL,FAR,2,3,1.24,1.52,16,14,2,1,0,0,1,0,0.61,1476.081756025415,1544.4016032703425,1463.1880664255657,1557.2952928701918
170,game_2023_60,WIC,FOR,1,1,1.42,2.16,10,8,3,5,0,0,0,0,0.64,1488.7300022427573,1505.5542746495375,1473.5041835887478,1520.7800933035471
171,game_2023_28,ALB,FOR,2,2,1.04,1.25,15,12,1,2,0,0,0,0,0.39,1453.0241861770326,1520.7800933035471,1440.1054971966432,1533.6987822839365
172,game_2023_233,DES,FOR,2,4,1.57,1.79,15,5,5,7,0,0,0,0,0.63,1535.6553347868462,1533.6987822839365,1519.5652331667648,1549.788883904018
173,game_2023_392,OAK,FOR,4,3,2.48,1.75,14,12,7,10,1,0,2,0,0.41,1456.9107671106667,1549.788883904018,1477.0889066468258,1529.6107443678588
174,game_2023_354,BAK,FOR,1,0,1.7,0.48,22,2,7,1,0,0,1,0,0.37,1484.1479522508955,1529.6107443678588,1502.2297231300174,1511.528973488737
175,game_2023_447,EUG,FOR,0,1,1.07,1.34,18,15,10,5,0,0,0,0,0.32,1401.6538407829473,1511.528973488737,1390.551579178385,1522.6312350932992
176,game_2023_273,SAS,FOR,2,0,2.22,0.36,18,10,5,5,0,0,2,0,0.49,1528.2614341155954,1522.6312350932992,1544.0021765623076,1506.890492646587
177,game_2023_303,TAC,FOR,1,2,1.67,0.63,17,17,5,6,0,0,0,0,0.42,1450.3653457869782,1506.890492646587,1436.9456987588535,1520.3101396747118
178,game_2023_251,LRO,FOR,1,0,1.82,0.68,13,8,7,2,0,0,0,0,0.62,1521.477922264,1520.3101396747118,1537.4241440908772,1504.3639178478345
179,game_2023_190,SFS,FOR,2,1,3.22,0.62,16,9,2,4,0,0,1,0,0.44,1566.468085185722,1504.3639178478345,1579.6381588244262,1491.1938442091302
180,game_2023_154,FAR,FOR,2,0,2.09,0.14,19,2,3,2,0,0,0,0,0.58,1557.2952928701918,1491.1938442091302,1570.2874135216719,1478.2017235576502
181,game_2023_113,TUC,FOR,3,1,2.8,1.36,21,9,10,3,0,0,0,0,0.4,1487.093441920742,1478.2017235576502,1502.6840525333025,1462.6111129450896
182,game_2023_85,SJU,FOR,2,3,2.61,1.69,19,13,3,6,0,0,0,0,0.42,1458.9037485915703,1462.6111129450896,1443.0744725498098,1478.4403889868502
183,game_2023_244,ANC,FOR,2,2,2.46,1.27,17,8,2,6,0,0,0,0,0.45,1592.6946273746075,1478.4403889868502,1603.6148323057378,1467.52018405572
184,game_2023_140,BOI,FOR,1,1,1.51,0.36,19,10,5,8,0,0,0,0,0.45,1423.304362355707,1467.52018405572,1441.3296541306393,1449.4948922807878
185,game_2023_198,JAC,FOR,3,2,2.13,1.55,24,10,7,3,0,0,0,0,0.63,1524.6340572799954,1449.4948922807878,1537.226728257902,1436.9022213028811
186,game_2023_407,REN,FOR,2,1,2.72,0.76,13,12,3,3,0,0,0,0,0.53,1485.7533263726089,1436.9022213028811,1499.5183586886317,1423.1371889868583
187,game_2023_33,AUG,JAC,0,2,1.63,1.16,9,8,2,2,0,0,0,0,0.51,1535.2226563587753,1537.226728257902,1519.3149462568276,1553.1344383598498
188,game_2023_45,LRO,JAC,0,1,0.95,1.89,11,11,8,3,0,0,0,0,0.54,1537.4241440908772,1553.1344383598498,1522.147137188682,1568.411445262045
189,game_2023_317,CHM,JAC,0,0,0.36,0.63,18,14,2,2,0,0,0,0,0.44,1449.2414005745507,1568.411445262045,1438.5238342970142,1579.1290115395814
190,game_2023_338,TUC,JAC,2,2,0.88,1.3,18,20,3,5,0,0,0,0,0.51,1502.6840525333025,1579.1290115395814,1490.1487422645243,1591.6643218083595
191,game_2023_434,LAR,JAC,1,3,1.95,0.63,19,8,6,1,1,0,1,0,0.4,1525.9210385331319,1591.6643218083595,1512.913003599174,1604.6723567423173
192,game_2023_102,DOV,JAC,2,0,1.34,0.41,14,8,5,9,0,0,0,0,0.46,1494.1541955737268,1604.6723567423173,1515.0787565269097,1583.7477957891344
193,game_2023_77,SPR,JAC,1,1,1.23,0.5,6,11,1,4,0,0,0,0,0.5,1569.9022277432684,1583.7477957891344,1586.5395024025406,1567.1105211298623
194,game_2023_400,MOB,JAC,0,0,1.54,0.87,15,11,6,8,0,0,0,0,0.43,1484.3002348045397,1567.1105211298623,1504.043178324906,1547.367577609496
195,game_2023_146,DES,JAC,0,2,0.21,0.92,8,3,5,7,0,0,0,0,0.55,1519.5652331667648,1547.367577609496,1504.842852548854,1562.089958227407
196,game_2023_466,PRO,JAC,0,4,1.05,1.11,13,12,7,4,0,0,0,0,0.39,1521.08884825427,1562.089958227407,1506.9683024835206,1576.2105039981564
197,game_2023_9,TOL,JAC,1,2,1.2,1.2,17,20,6,4,0,0,0,0,0.49,1463.1880664255657,1576.2105039981564,1452.216795630462,1587.18177479326
198,game_2023_65,LEX,JAC,1,2,1.88,2.04,23,16,10,8,0,0,1,0,0.42,1559.2690514916865,1587.18177479326,1544.5517214686172,1601.8991048163293
199,game_2023_229,REN,JAC,1,3,1.39,1.41,21,9,8,4,0,0,0,0,0.52,1499.5183586886317,1601.8991048163293,1488.101277393988,1613.316186110973
200,game_2023_294,SJU,JAC,0,0,0.96,0.81,13,17,10,1,0,0,0,0,0.43,1443.0744725498098,1613.316186110973,1466.3418724831952,1590.0487861775875
201,game_2023_247,SFS,JAC,1,2,0.95,1.7,6,12,4,5,0,0,1,0,0.38,1579.6381588244262,1590.0487861775875,1564.1174424979695,1605.5695025040443
202,game_2023_160,OAK,JAC,2,2,1.76,0.96,19,11,1,7,0,0,0,0,0.44,1477.0889066468258,1605.5695025040443,1498.7499311832867,1583.9084779675834
203,game_2023_373,MAN,JAC,3,0,2.81,0.63,20,13,4,0,0,0,0,0,0.58,1475.784278122083,1583.9084779675834,1496.608826346544,1563.0839297431223
204,game_2023_350,MOB,LAR,0,1,1.07,0.84,11,3,3,9,0,0,0,0,0.66,1504.043178324906,1512.913003599174,1488.4515601567869,1528.5046217672932
205,game_2023_46,DES,LAR,1,2,0.58,1.33,14,17,2,7,0,0,0,1,0.49,1504.842852548854,1528.5046217672932,1489.9308357298337,1543.4166385863134
206,game_2023_467,MAN,LAR,0,1,1.42,0.94,13,7,7,2,0,0,0,0,0.55,1496.608826346544,1543.4166385863134,1482.7514581549128,1557.2740067779446
207,game_2023_358,JAC,LAR,1,1,0.29,0.49,5,4,5,7,0,0,0,0,0.53,1563.0839297431223,1557.2740067779446,1546.8163978395667,1573.5415386815002
208,game_2023_6,ALB,LAR,1,1,0.62,0.78,11,17,9,4,0,0,0,0,0.54,1440.1054971966432,1573.5415386815002,1429.9651447214076,1583.681891156736
209,game_2023_277,DOV,LAR,0,1,1.03,0.72,17,3,5,6,0,0,0,0,0.44,1515.0787565269097,1583.681891156736,1502.1976190780622,1596.5630286055834
210,game_2023_326,TOL,LAR,3,2,2.09,1.51,11,12,11,8,0,0,0,0,0.53,1452.216795630462,1596.5630286055834,1474.506402291603,1574.2734219444424
211,game_2023_222,EUG,LAR,2,2,1.93,0.72,28,6,5,7,0,0,0,0,0.53,1390.551579178385,1574.2734219444424,1414.302917672254,1550.5220834505735
212,game_2023_413,SPR,LAR,2,5,1.76,0.93,20,8,3,6,0,0,0,0,0.58,1586.5395024025406,1550.5220834505735,1568.8867552714435,1568.1748305816707
213,game_2023_78,PRO,LAR,5,1,0.72,1.61,16,11,2,3,0,0,0,0,0.37,1506.9683024835206,1568.1748305816707,1525.7581659885398,1549.3849670766515
214,game_2023_424,TUC,LAR,0,3,2.02,0.78,25,6,4,5,0,0,1,0,0.43,1490.1487422645243,1549.3849670766515,1476.8505425159778,1562.683166825198
215,game_2023_195,TAC,LAR,2,3,1.14,0.67,12,10,3,4,0,0,0,0,0.4,1436.9456987588535,1562.683166825198,1426.4959043269714,1573.13296125708
216,game_2023_295,CHM,LAR,0,1,1.47,1.2,15,11,6,3,0,0,1,0,0.53,1438.5238342970142,1573.13296125708,1428.430200790249,1583.2265947638452
217,game_2023_103,SJU,LAR,2,3,1.61,1.09,14,9,4,2,0,0,0,0,0.32,1466.3418724831952,1583.2265947638452,1455.5303320260793,1594.038135220961
218,game_2023_153,LRO,LAR,1,2,1.03,1.66,7,12,3,5,0,0,1,0,0.57,1522.147137188682,1594.038135220961,1509.4113856849447,1606.7738867246985
219,game_2023_166,LEX,LAR,7,0,2.47,0.18,20,10,3,4,0,0,0,0,0.52,1544.5517214686172,1606.7738867246985,1563.3869115257467,1587.938696667569
220,game_2023_256,AUG,LAR,4,2,0.9,1.2,6,8,5,2,0,0,0,0,0.59,1519.3149462568276,1587.938696667569,1538.434722114906,1568.8189208094907
221,game_2023_475,LRO,LEX,1,2,2.1,1.3,17,6,5,5,0,0,0,0,0.51,1509.4113856849447,1563.3869115257467,1495.877244616717,1576.9210525939743
222,game_2023_444,REN,LEX,1,2,1.52,1.33,10,6,5,2,0,0,0,0,0.53,1488.101277393988,1576.9210525939743,1476.104742959349,1588.9175870286133
223,game_2023_304,PRO,LEX,1,1,1.07,0.99,12,15,5,6,0,0,1,0,0.54,1525.7581659885398,1588.9175870286133,1544.635142915858,1570.040610101295
224,game_2023_56,DES,LEX,2,1,1.48,1.05,15,5,6,7,0,0,0,0,0.58,1489.9308357298337,1570.040610101295,1509.5560100983387,1550.41543573279
225,game_2023_280,CHM,LEX,2,1,2.08,1.38,19,19,3,8,0,0,0,0,0.58,1428.430200790249,1550.41543573279,1449.8278368281426,1529.0177996948964
226,game_2023_199,DOV,LEX,5,2,2.61,1.12,24,9,8,3,0,0,0,0,0.45,1502.1976190780622,1529.0177996948964,1519.4302865154202,1511.7851322575384
227,game_2023_461,SJU,LEX,3,1,3.01,1.24,18,16,6,5,0,0,0,0,0.57,1455.5303320260793,1511.7851322575384,1474.098557362214,1493.2169069214037
228,game_2023_179,JAC,LEX,0,3,1.78,1.3,21,10,3,5,0,0,0,1,0.51,1546.8163978395667,1493.2169069214037,1528.3674474586956,1511.6658573022748
229,game_2023_429,BOI,LEX,0,1,3.01,0.27,22,14,13,0,0,0,0,0,0.59,1441.3296541306393,1511.6658573022748,1428.525219628534,1524.4702918043802
230,game_2023_127,BAK,LEX,0,2,1.01,1.08,24,15,3,6,0,0,0,0,0.53,1502.2297231300174,1524.4702918043802,1487.252542470662,1539.4474724637355
231,game_2023_30,TOL,LEX,1,1,2.18,1.27,22,9,6,4,0,0,0,0,0.69,1474.506402291603,1539.4474724637355,1493.4627005818936,1520.491174173445
232,game_2023_355,SPR,LEX,3,0,1.73,0.39,18,13,3,1,0,0,0,0,0.52,1568.8867552714435,1520.491174173445,1582.672359680743,1506.7055697641454
233,game_2023_238,LAR,LEX,0,3,1.63,1.1,15,16,2,6,0,0,1,0,0.55,1568.8189208094907,1506.7055697641454,1549.9885847551848,1525.5359058184513
234,game_2023_405,AUG,LEX,3,1,4.03,0.87,25,10,9,4,0,0,1,0,0.65,1538.434722114906,1525.5359058184513,1553.840982435838,1510.1296454975193
235,game_2023_2,FOR,LEX,1,0,0.98,0.9,9,11,5,2,0,0,0,0,0.57,1423.1371889868583,1510.1296454975193,1443.0616687630704,1490.2051657213071
236,game_2023_114,MOB,LEX,1,1,2.18,0.92,16,8,0,4,0,0,0,0,0.65,1488.4515601567869,1490.2051657213071,1504.5323159916718,1474.1244098864222
237,game_2023_141,MAN,LEX,1,1,1.28,1.77,16,11,8,5,0,0,0,0,0.61,1482.7514581549128,1474.1244098864222,1466.354249531179,1490.521618510156
238,game_2023_381,DOV,LRO,1,3,1.45,0.52,11,9,3,4,0,0,0,0,0.45,1519.4302865154202,1495.877244616717,1502.347287366436,1512.9602437657013
239,game_2023_14,ANC,LRO,1,0,1.74,1.0,17,9,4,5,0,0,0,0,0.36,1603.6148323057378,1512.9602437657013,1615.5322658946623,1501.0428101767768
240,game_2023_213,MOB,LRO,1,3,0.65,1.89,3,16,2,6,0,0,0,0,0.44,1504.5323159916718,1501.0428101767768,1488.371623713434,1517.2035024550146
241,game_2023_397,ALB,LRO,2,5,1.1,1.14,14,7,8,3,0,0,0,0,0.39,1429.9651447214076,1517.2035024550146,1417.900265530592,1529.2683816458302
242,game_2023_236,AUG,LRO,2,0,2.05,0.69,9,13,8,5,0,0,1,0,0.5,1553.840982435838,1529.2683816458302,1568.7112553972518,1514.3981086844165
243,game_2023_108,PRO,LRO,0,4,0.97,1.74,23,16,1,0,0,0,0,0,0.37,1544.635142915858,1514.3981086844165,1527.2461809630756,1531.787070637199
244,game_2023_425,TOL,LRO,1,1,1.3,1.07,11,13,3,7,0,0,1,0,0.55,1493.4627005818936,1531.787070637199,1511.2204795617781,1514.0292916573144
245,game_2023_59,SJU,LRO,0,0,1.36,1.32,17,8,4,5,0,0,0,0,0.44,1474.098557362214,1514.0292916573144,1491.9293816763354,1496.198467343193
246,game_2023_164,OAK,LRO,1,3,1.68,1.35,23,10,7,6,0,0,0,0,0.45,1498.7499311832867,1496.198467343193,1482.6324340434148,1512.3159644830648
247,game_2023_362,CHM,LRO,1,1,1.74,0.84,22,9,7,4,0,0,1,0,0.49,1449.8278368281426,1512.3159644830648,1468.6748887118335,1493.4689125993739
248,game_2023_333,LEX,LRO,3,2,2.36,1.8,22,5,9,5,0,0,0,0,0.4,1490.521618510156,1493.4689125993739,1506.6573431632257,1477.3331879463042
249,game_2023_299,SFS,LRO,1,2,2.17,0.72,18,10,8,7,0,0,0,0,0.49,1564.1174424979695,1477.3331879463042,1544.2019752607869,1497.2486551834868
250,game_2023_112,JAC,LRO,1,2,2.15,1.39,15,12,6,2,0,0,1,0,0.39,1528.3674474586956,1497.2486551834868,1510.9381940208837,1514.6779086212987
251,game_2023_302,MAN,LRO,3,1,1.87,1.32,18,10,3,6,0,0,0,2,0.53,1466.354249531179,1514.6779086212987,1484.5653963401412,1496.4667618123365
252,game_2023_446,LAR,LRO,1,0,1.53,0.97,14,10,4,2,0,0,0,0,0.38,1549.9885847551848,1496.4667618123365,1563.5431274432297,1482.9122191242916
253,game_2023_83,DES,LRO,1,2,0.67,1.45,15,15,2,5,0,0,0,0,0.51,1509.5560100983387,1482.9122191242916,1492.3314178056528,1500.1368114169775
254,game_2023_232,SPR,LRO,0,5,1.15,1.56,16,17,5,5,0,0,0,0,0.42,1582.672359680743,1500.1368114169775,1562.9413781354829,1519.8677929622377
255,game_2023_320,DES,MAN,2,1,0.6,0.52,11,6,7,2,0,0,0,0,0.6,1492.3314178056528,1484.5653963401412,1507.9738388509027,1468.9229752948913
256,game_2023_126,LRO,MAN,2,1,1.16,0.82,16,14,1,5,0,0,1,0,0.61,1519.8677929622377,1468.9229752948913,1533.5383682358458,1455.2524000212832
257,game_2023_334,DOV,MAN,1,2,1.99,0.4,15,6,7,1,0,0,0,0,0.44,1502.347287366436,1455.2524000212832,1484.191673781062,1473.408013606657
258,game_2023_287,EUG,MAN,3,1,2.42,1.75,13,13,7,4,0,0,0,0,0.39,1414.302917672254,1473.408013606657,1432.9988510331311,1454.7120802457798
259,game_2023_178,MOB,MAN,1,1,1.49,0.19,20,10,1,1,0,0,0,0,0.38,1488.371623713434,1454.7120802457798,1502.8263758547002,1440.2573281045136
260,game_2023_382,LAR,MAN,3,1,1.86,1.58,16,21,2,4,0,0,1,0,0.53,1563.5431274432297,1440.2573281045136,1574.0924816293032,1429.70797391844
261,game_2023_448,LEX,MAN,0,0,0.65,1.02,16,9,2,2,0,0,1,0,0.52,1506.6573431632257,1429.70797391844,1487.170520682493,1449.194796399173
262,game_2023_155,SPR,MAN,2,0,0.22,0.34,9,14,5,6,0,0,0,0,0.44,1562.9413781354829,1449.194796399173,1573.8826147569375,1438.2535597777182
263,game_2023_1,PRO,MAN,1,1,1.63,0.34,17,8,5,4,0,0,0,0,0.53,1527.2461809630756,1438.2535597777182,1539.2352548283925,1426.2644859124014
264,game_2023_237,WIC,MAN,0,0,1.64,0.17,23,1,4,2,0,0,0,1,0.56,1473.5041835887478,1426.2644859124014,1487.3420226542762,1412.426646846873
265,game_2023_98,BAK,MAN,2,1,1.99,0.27,22,9,3,8,0,0,0,0,0.56,1487.252542470662,1412.426646846873,1499.8589884155674,1399.8202009019676
266,game_2023_393,CHM,MAN,1,1,1.18,1.33,19,10,5,5,0,0,0,0,0.53,1468.6748887118335,1399.8202009019676,1449.5448834608583,1418.9502061529429
267,game_2023_168,AUG,MAN,2,2,1.26,1.55,11,12,4,6,0,0,0,1,0.6,1568.7112553972518,1418.9502061529429,1546.2121211867066,1441.449340363488
268,game_2023_214,TUC,MAN,4,0,1.52,0.41,15,12,6,5,0,0,0,0,0.53,1476.8505425159778,1441.449340363488,1491.225875534935,1427.0740073445309
269,game_2023_420,JAC,MAN,1,1,1.14,1.08,15,3,4,0,0,0,0,0,0.54,1510.9381940208837,1427.0740073445309,1523.1494052914081,1414.8627960740064
270,game_2023_73,TOL,MAN,1,1,0.56,1.1,10,12,5,2,0,0,1,0,0.62,1511.2204795617781,1414.8627960740064,1490.8934213912923,1435.1898542444922
271,game_2023_29,SJU,MAN,1,2,2.31,2.1,19,20,4,3,0,0,1,0,0.55,1491.9293816763354,1435.1898542444922,1473.3394138452811,1453.7798220755465
272,game_2023_332,OAK,MOB,2,3,2.62,0.42,23,7,7,5,0,0,1,0,0.5,1482.6324340434148,1502.8263758547002,1467.56135362136,1517.897456276755
273,game_2023_271,MAN,MOB,0,1,0.91,0.85,18,11,3,7,0,0,0,0,0.43,1453.7798220755465,1517.897456276755,1440.6994783501789,1530.9778000021226
274,game_2023_279,JAC,MOB,3,0,2.58,1.38,19,13,3,10,0,0,0,0,0.64,1523.1494052914081,1530.9778000021226,1539.5098551940443,1514.6173500994864
275,game_2023_167,SJU,MOB,3,1,2.7,0.76,11,7,0,2,0,0,0,1,0.48,1473.3394138452811,1514.6173500994864,1491.2314393123145,1496.725324632453
276,game_2023_360,PRO,MOB,2,3,2.38,2.0,24,11,2,5,0,0,0,0,0.41,1539.2352548283925,1496.725324632453,1521.2873109817422,1514.6732684791034
277,game_2023_418,LRO,MOB,4,3,3.05,1.18,25,11,9,3,1,0,2,0,0.53,1533.5383682358458,1514.6732684791034,1548.6704510747036,1499.5411856402457
278,game_2023_7,SAS,MOB,0,0,0.75,0.38,14,12,7,6,0,0,0,0,0.44,1544.0021765623076,1499.5411856402457,1557.965776224998,1485.5775859775551
279,game_2023_125,LEX,MOB,2,0,2.61,0.78,21,12,3,7,0,0,0,0,0.6,1487.170520682493,1485.5775859775551,1503.0971638423823,1469.6509428176657
280,game_2023_206,SPR,MOB,1,1,0.96,1.03,18,16,2,3,0,0,0,0,0.41,1573.8826147569375,1469.6509428176657,1553.2215709708018,1490.3119866038014
281,game_2023_139,EUG,MOB,0,1,1.13,0.69,16,8,7,4,0,0,0,0,0.45,1432.9988510331311,1490.3119866038014,1419.6145354338921,1503.6963022030404
282,game_2023_82,BOI,MOB,2,0,2.26,1.24,17,15,0,4,0,0,0,0,0.48,1428.525219628534,1503.6963022030404,1447.9339518220725,1484.287570009502
283,game_2023_473,DOV,MOB,1,1,1.7,0.14,19,10,1,5,0,0,0,0,0.51,1484.191673781062,1484.287570009502,1500.1960899654714,1468.2831538250925
284,game_2023_377,DES,MOB,0,1,1.26,1.07,15,9,5,6,0,0,0,0,0.58,1507.9738388509027,1468.2831538250925,1490.1539253313988,1486.1030673445964
285,game_2023_439,TOL,MOB,2,3,0.93,1.29,8,8,5,5,0,0,0,0,0.44,1490.8934213912923,1486.1030673445964,1474.6728314129502,1502.3236573229385
286,game_2023_111,AUG,MOB,1,0,2.22,0.27,22,6,6,3,0,0,0,0,0.58,1546.2121211867066,1502.3236573229385,1560.2016650141227,1488.3341134955224
287,game_2023_310,LAR,MOB,1,1,1.49,0.51,14,11,8,3,0,0,0,0,0.53,1574.0924816293032,1488.3341134955224,1586.2214609391665,1476.205134185659
288,game_2023_38,CHM,MOB,0,2,1.85,1.14,15,5,6,2,0,0,0,0,0.48,1449.5448834608583,1476.205134185659,1434.7702293100485,1490.9797883364688
289,game_2023_34,SAS,OAK,0,2,0.29,0.99,10,15,2,2,0,0,0,0,0.57,1557.965776224998,1467.56135362136,1537.8939822907419,1487.6331475556162
290,game_2023_318,ALB,OAK,0,1,0.81,1.14,3,13,6,2,0,0,0,0,0.53,1417.900265530592,1487.6331475556162,1405.069146115479,1500.464266970729
291,game_2023_220,SJU,OAK,0,0,1.27,0.39,14,1,4,2,0,0,1,0,0.58,1491.2314393123145,1500.464266970729,1507.6565266796865,1484.039179603357
292,game_2023_184,ANC,OAK,2,0,2.86,0.21,28,4,3,5,0,0,1,0,0.64,1615.5322658946623,1484.039179603357,1625.7502521157974,1473.821193382222
293,game_2023_10,REN,OAK,1,1,0.7,0.17,7,7,4,6,0,0,0,0,0.57,1476.104742959349,1473.821193382222,1491.9995831292983,1457.9263532122727
294,game_2023_66,CHM,OAK,1,1,1.15,0.62,17,10,7,8,0,0,0,1,0.66,1434.7702293100485,1457.9263532122727,1451.835032056371,1440.8615504659504
295,game_2023_435,FOR,OAK,1,1,1.19,1.16,12,11,8,4,0,0,0,0,0.52,1443.0616687630704,1440.8615504659504,1458.9603509254703,1424.9628683035505
296,game_2023_257,DES,OAK,2,0,0.68,0.4,6,4,0,2,0,0,0,0,0.6,1490.1539253313988,1424.9628683035505,1503.1865092252287,1411.9302844097206
297,game_2023_20,BAK,OAK,1,2,1.27,1.64,9,20,2,3,0,0,0,0,0.55,1499.8589884155674,1411.9302844097206,1479.8940136565236,1431.8952591687644
298,game_2023_147,TUC,OAK,0,2,0.65,0.72,9,5,6,0,0,0,0,0,0.38,1491.225875534935,1431.8952591687644,1472.519852535264,1450.6012821684358
299,game_2023_79,TAC,OAK,2,3,1.74,1.12,24,13,3,4,0,0,1,0,0.52,1426.4959043269714,1450.6012821684358,1411.6042202031733,1465.4929662922339
300,game_2023_296,LEX,OAK,1,2,2.11,1.25,27,14,11,4,0,0,0,0,0.59,1503.0971638423823,1465.4929662922339,1485.3721571616984,1483.2179729729178
301,game_2023_374,EUG,OAK,0,0,0.72,1.02,14,11,5,7,0,0,1,0,0.47,1419.6145354338921,1483.2179729729178,1406.5112944041764,1496.3212140026335
302,game_2023_468,FAR,OAK,1,4,1.69,1.56,13,20,8,4,0,0,1,0,0.66,1570.2874135216719,1496.3212140026335,1550.931688726573,1515.6769387977324
303,game_2023_47,BOI,OAK,2,0,1.38,0.41,18,14,4,11,0,0,0,0,0.42,1447.9339518220725,1515.6769387977324,1467.0146899097,1496.5962007101048
304,game_2023_104,SFS,OAK,2,1,1.72,1.65,11,15,3,1,0,0,0,0,0.66,1544.2019752607869,1496.5962007101048,1558.0232660861493,1482.7749098847423
305,game_2023_91,WIC,OAK,0,3,0.5,1.61,13,17,8,3,0,0,0,0,0.65,1487.3420226542762,1482.7749098847423,1471.1317114521917,1498.9852210868269
306,game_2023_441,SJU,PRO,0,2,1.82,0.59,22,10,6,2,0,1,0,1,0.43,1507.6565266796865,1521.2873109817422,1492.2839256314712,1536.6599120299575
307,game_2023_246,SAS,PRO,2,0,3.1,0.37,22,7,6,5,0,0,1,0,0.57,1537.8939822907419,1536.6599120299575,1553.8371514940156,1520.7167428266837
308,game_2023_292,AUG,PRO,5,3,1.72,1.15,18,11,7,2,2,0,2,1,0.46,1560.2016650141227,1520.7167428266837,1574.3911052571154,1506.527302583691
309,game_2023_26,FOR,PRO,1,2,2.05,0.77,17,14,2,2,0,0,0,0,0.58,1458.9603509254703,1506.527302583691,1445.137305363803,1520.350348145358
310,game_2023_445,MOB,PRO,1,5,2.34,1.54,14,11,4,7,0,0,0,0,0.41,1490.9797883364688,1520.350348145358,1476.3291398801111,1535.0009966017158
311,game_2023_324,JAC,PRO,2,3,2.61,1.07,19,9,1,2,0,0,0,0,0.51,1539.5098551940443,1535.0009966017158,1523.3022262383383,1551.2086255574218
312,game_2023_209,LRO,PRO,0,0,1.49,0.59,21,6,5,5,0,0,0,0,0.59,1548.6704510747036,1551.2086255574218,1564.7873362498838,1535.0917403822416
313,game_2023_159,DOV,PRO,1,0,0.88,0.47,12,5,7,3,0,0,1,0,0.53,1500.1960899654714,1535.0917403822416,1517.7977120891014,1517.4901182586116
314,game_2023_372,SPR,PRO,0,3,0.5,1.07,5,20,5,7,0,0,0,0,0.45,1553.2215709708018,1517.4901182586116,1535.5818536581523,1535.129835571261
315,game_2023_90,REN,PRO,2,1,0.79,0.7,12,11,8,5,1,0,2,1,0.61,1491.9995831292983,1535.129835571261,1509.9756643005128,1517.1537544000466
316,game_2023_131,DES,PRO,2,0,1.8,0.98,17,11,12,4,0,0,0,0,0.53,1503.1865092252287,1517.1537544000466,1519.8293783557926,1500.5108852694827
317,game_2023_44,LEX,PRO,0,1,1.14,0.58,12,8,5,6,0,0,0,0,0.49,1485.3721571616984,1500.5108852694827,1470.0688804812357,1515.8141619499454
318,game_2023_387,CHM,PRO,1,3,2.17,1.92,19,12,5,5,0,0,0,0,0.5,1451.835032056371,1515.8141619499454,1438.7485219128857,1528.9006720934306
319,game_2023_316,WIC,PRO,0,4,0.89,2.38,20,18,0,5,0,0,1,0,0.62,1471.1317114521917,1528.9006720934306,1457.7678219652869,1542.2645615803353
320,game_2023_119,LAR,PRO,0,1,1.27,0.47,11,11,9,4,0,0,0,0,0.66,1586.2214609391665,1542.2645615803353,1568.207903031916,1560.2781194875856
321,game_2023_411,MAN,PRO,2,3,3.03,1.59,16,12,12,4,0,0,0,0,0.53,1440.6994783501789,1560.2781194875856,1429.9986711067306,1570.9789267310339
322,game_2023_255,TOL,PRO,2,0,0.49,0.39,15,4,0,2,0,0,0,0,0.55,1474.6728314129502,1570.9789267310339,1494.9976875286154,1550.6540706153687
323,game_2023_368,ALB,REN,2,0,1.72,0.97,8,3,4,4,0,0,1,0,0.49,1405.069146115479,1509.9756643005128,1425.7586141947938,1489.286196221198
324,game_2023_163,TUC,REN,2,4,1.33,1.62,8,5,7,0,0,0,0,0,0.46,1472.519852535264,1489.286196221198,1457.2913723893823,1504.5146763670796
325,game_2023_391,TOL,REN,3,1,1.49,1.33,19,17,6,9,0,0,0,1,0.48,1494.9976875286154,1504.5146763670796,1511.4358514779553,1488.0765124177397
326,game_2023_278,MAN,REN,0,1,0.79,1.02,15,14,8,5,0,0,1,0,0.5,1429.9986711067306,1488.0765124177397,1416.6486179488095,1501.4265655756608
327,game_2023_25,BOI,REN,1,1,2.21,0.78,24,9,10,0,0,0,0,0,0.48,1467.0146899097,1501.4265655756608,1484.594253560893,1483.8470019244678
328,game_2023_330,LRO,REN,2,2,2.41,0.81,13,14,8,6,0,0,0,0,0.49,1564.7873362498838,1483.8470019244678,1577.1258964099693,1471.5084417643823
329,game_2023_135,SAS,REN,4,1,1.05,1.21,18,13,5,9,0,0,0,0,0.57,1553.8371514940156,1471.5084417643823,1566.1151785201173,1459.2304147382806
330,game_2023_438,EUG,REN,2,0,1.28,0.68,13,7,3,4,0,0,0,0,0.35,1406.5112944041764,1459.2304147382806,1424.9206367425388,1440.8210723999182
331,game_2023_235,MOB,REN,1,3,1.08,2.27,12,15,4,4,0,0,0,0,0.62,1476.3291398801111,1440.8210723999182,1458.699602463556,1458.4506098164734
332,game_2023_268,OAK,REN,1,0,1.32,0.91,16,13,4,9,0,0,1,0,0.46,1498.9852210868269,1458.4506098164734,1513.126956817808,1444.3088740854923
333,game_2023_54,FOR,REN,0,4,1.92,1.21,10,18,6,4,0,0,0,0,0.61,1445.137305363803,1444.3088740854923,1429.099154765864,1460.3470246834315
334,game_2023_301,FAR,REN,2,1,1.92,0.63,13,7,6,1,0,0,0,0,0.48,1550.931688726573,1460.3470246834315,1562.8521329589034,1448.426580451101
335,game_2023_353,SFS,REN,1,4,1.36,1.31,20,5,4,4,0,0,0,0,0.52,1558.0232660861493,1448.426580451101,1537.1371519578277,1469.3126945794227
336,game_2023_175,ANC,REN,1,0,1.87,0.86,21,16,9,2,0,0,0,0,0.41,1625.7502521157974,1469.3126945794227,1634.996403057687,1460.066543637533
337,game_2023_70,BAK,REN,0,2,2.06,1.14,16,16,5,6,0,0,0,0,0.44,1479.8940136565236,1460.066543637533,1462.9819148665176,1476.978642427539
338,game_2023_106,WIC,REN,1,1,2.04,1.07,17,13,2,1,0,0,0,0,0.56,1457.7678219652869,1476.978642427539,1474.651612443618,1460.0948519492079
339,game_2023_458,TAC,REN,0,3,1.74,1.27,21,18,8,3,0,0,0,0,0.51,1411.6042202031733,1460.0948519492079,1397.8229090314653,1473.8761631209159
340,game_2023_157,EUG,SAS,0,3,0.59,1.6,15,15,8,4,0,0,0,0,0.43,1424.9206367425388,1566.1151785201173,1415.0870951999377,1575.9487200627184
341,game_2023_88,SPR,SAS,4,1,2.67,0.96,24,16,5,3,0,0,0,0,0.53,1535.5818536581523,1575.9487200627184,1553.4324967643909,1558.0980769564799
342,game_2023_290,BOI,SAS,3,1,2.57,1.35,24,14,12,6,0,0,0,0,0.69,1484.594253560893,1558.0980769564799,1503.9296161195214,1538.7627143978516
343,game_2023_449,ANC,SAS,2,7,1.42,1.66,19,13,0,4,0,0,0,1,0.41,1634.996403057687,1538.7627143978516,1614.6746379377414,1559.0844795177973
344,game_2023_363,OAK,SAS,2,7,2.36,0.72,18,9,6,3,0,0,0,0,0.44,1513.126956817808,1559.0844795177973,1499.2311210265332,1572.980315309072
345,game_2023_181,TOL,SAS,2,2,3.42,1.75,19,12,6,5,0,0,0,0,0.49,1511.4358514779553,1572.980315309072,1530.240801777617,1554.1753650094104
346,game_2023_321,ALB,SAS,2,0,0.78,0.9,9,14,3,4,0,0,2,0,0.46,1425.7586141947938,1554.1753650094104,1447.4170664548635,1532.5169127493407
347,game_2023_143,SFS,SAS,1,1,1.06,1.23,5,11,3,4,0,0,0,0,0.6,1537.1371519578277,1532.5169127493407,1520.92439462046,1548.7296700867084
348,game_2023_314,REN,SAS,2,0,1.78,0.72,19,14,6,6,0,0,0,1,0.54,1473.8761631209159,1548.7296700867084,1493.2709315039406,1529.3349017036837
349,game_2023_254,TUC,SAS,1,1,1.46,1.89,12,16,1,7,0,0,0,0,0.59,1457.2913723893823,1529.3349017036837,1444.562352238603,1542.0639218544632
350,game_2023_16,LAR,SAS,2,1,1.88,0.32,18,3,3,2,0,0,0,0,0.48,1568.207903031916,1542.0639218544632,1583.00619550271,1527.2656293836692
351,game_2023_116,TAC,SAS,1,2,0.41,0.62,11,8,2,2,0,1,1,2,0.56,1397.8229090314653,1527.2656293836692,1387.5226563964018,1537.5658820187327
352,game_2023_395,BAK,SAS,1,2,1.56,1.56,14,19,7,4,0,0,0,0,0.42,1462.9819148665176,1537.5658820187327,1450.364827323666,1550.1829695615843
353,game_2023_432,WIC,SAS,2,1,1.13,1.29,21,15,4,2,0,0,2,0,0.54,1474.651612443618,1550.1829695615843,1494.0761793370023,1530.7584026682
354,game_2023_62,MAN,SAS,1,1,1.63,0.54,22,3,3,7,0,0,0,0,0.53,1416.6486179488095,1530.7584026682,1437.7224304341128,1509.6845901828967
355,game_2023_226,FAR,SAS,1,2,1.13,0.74,12,13,11,3,0,0,0,0,0.48,1562.8521329589034,1509.6845901828967,1544.4226122001419,1528.1141109416583
356,game_2023_218,FOR,SAS,4,0,0.44,1.23,6,18,3,1,0,0,0,0,0.62,1429.099154765864,1528.1141109416583,1449.539398457939,1507.6738672495833
357,game_2023_322,TAC,SFS,0,2,1.35,0.91,14,9,6,4,0,0,0,0,0.37,1387.5226563964018,1520.92439462046,1377.380936025314,1531.0661149915477
358,game_2023_385,MOB,SFS,0,3,1.12,2.54,20,18,0,5,0,0,1,0,0.42,1458.699602463556,1531.0661149915477,1445.9848318837148,1543.7808855713888
359,game_2023_118,BOI,SFS,1,1,2.02,0.54,16,2,5,2,0,0,0,0,0.37,1503.9296161195214,1543.7808855713888,1521.7568287632012,1525.953672927709
360,game_2023_72,ALB,SFS,1,3,2.21,2.32,23,12,6,1,0,0,0,2,0.49,1447.4170664548635,1525.953672927709,1434.9734427601452,1538.3972966224273
361,game_2023_19,DES,SFS,2,2,1.42,0.87,20,10,6,8,0,0,0,1,0.49,1519.8293783557926,1538.3972966224273,1536.6836494439444,1521.5430255342756
362,game_2023_443,WIC,SFS,2,4,2.07,2.36,5,18,2,1,0,0,0,0,0.45,1494.0761793370023,1521.5430255342756,1479.3384457890882,1536.2807590821897
363,game_2023_137,FOR,SFS,1,3,1.11,1.16,9,12,6,1,0,0,0,0,0.55,1449.539398457939,1536.2807590821897,1437.4530085963017,1548.3671489438268
364,game_2023_465,TUC,SFS,1,3,0.83,0.92,3,15,3,3,0,0,0,0,0.34,1444.562352238603,1548.3671489438268,1433.205399557182,1559.7241016252476
365,game_2023_379,LAR,SFS,3,2,1.43,0.51,27,6,8,2,1,0,1,0,0.62,1583.00619550271,1559.7241016252476,1597.93561745703,1544.7946796709275
366,game_2023_31,REN,SFS,0,1,1.5,0.83,18,10,4,7,0,0,0,0,0.37,1493.2709315039406,1544.7946796709275,1479.6264455063701,1558.439165668498
367,game_2023_89,MAN,SFS,7,2,3.22,0.33,28,12,12,7,0,0,0,0,0.53,1437.7224304341128,1558.439165668498,1459.068234479131,1537.0933616234797
368,game_2023_409,OAK,SFS,3,0,0.44,0.34,6,6,9,1,0,0,0,0,0.32,1499.2311210265332,1537.0933616234797,1516.967871958838,1519.3566106911749
369,game_2023_426,EUG,SFS,2,1,1.12,0.89,17,10,8,1,0,0,0,0,0.32,1415.0870951999377,1519.3566106911749,1435.7497337968643,1498.6939720942482
370,game_2023_158,BAK,SFS,0,0,1.02,1.06,9,14,7,5,0,0,0,0,0.43,1450.364827323666,1498.6939720942482,1436.576221932297,1512.4825774856174
371,game_2023_249,FAR,SFS,2,3,1.69,1.64,5,14,9,2,0,0,0,0,0.45,1544.4226122001419,1512.4825774856174,1526.955848923906,1529.9493407618534
372,game_2023_276,ANC,SFS,2,0,1.53,0.48,21,6,5,5,0,0,0,0,0.48,1614.6746379377414,1529.9493407618534,1626.848439281431,1517.7755394181638
373,game_2023_306,SAS,SFS,1,1,1.55,0.64,12,9,4,3,0,0,0,1,0.38,1507.6738672495833,1517.7755394181638,1524.138935403089,1501.3104712646582
374,game_2023_182,SPR,SJU,3,1,2.35,1.17,15,7,7,6,0,0,0,0,0.52,1553.4324967643909,1492.2839256314712,1566.6452212036095,1479.0712011922526
375,game_2023_422,TAC,SJU,2,0,2.1,0.36,13,15,6,7,0,0,0,0,0.59,1377.380936025314,1479.0712011922526,1397.9346491263138,1458.5174880912527
376,game_2023_245,TOL,SJU,4,1,2.59,0.73,18,13,3,3,0,0,1,0,0.72,1530.240801777617,1458.5174880912527,1542.9839547451604,1445.7743351237093
377,game_2023_275,BAK,SJU,3,1,2.38,1.49,20,17,8,3,0,0,0,0,0.47,1436.576221932297,1445.7743351237093,1452.9997117635737,1429.3508452924325
378,game_2023_248,DOV,SJU,3,0,1.74,1.06,18,14,6,8,0,0,0,0,0.54,1517.7977120891014,1429.3508452924325,1529.8103487313097,1417.3382086502243
379,game_2023_17,LEX,SJU,0,0,0.49,0.28,12,9,3,5,0,0,0,0,0.49,1470.0688804812357,1417.3382086502243,1483.6590182419873,1403.7480708894727
380,game_2023_117,CHM,SJU,3,1,1.52,0.32,19,6,2,6,0,0,2,0,0.43,1438.7485219128857,1403.7480708894727,1453.142122047743,1389.3544707546155
381,game_2023_337,LAR,SJU,1,0,1.51,0.49,4,19,8,4,0,0,0,0,0.43,1597.93561745703,1389.3544707546155,1605.3388994929462,1381.9511887186993
382,game_2023_201,MAN,SJU,3,7,1.26,2.03,12,9,7,6,0,0,0,0,0.53,1459.068234479131,1381.9511887186993,1439.5740577061067,1401.4453654917236
383,game_2023_315,DES,SJU,1,1,1.36,0.35,7,4,16,4,0,0,0,0,0.55,1536.6836494439444,1401.4453654917236,1546.7522742035947,1391.3767407320734
384,game_2023_347,FAR,SJU,4,1,2.09,0.32,15,10,7,4,0,0,0,1,0.62,1526.955848923906,1391.3767407320734,1537.0109400575686,1381.3216495984107
385,game_2023_378,LRO,SJU,3,0,3.27,0.47,20,15,6,3,0,0,0,0,0.59,1577.1258964099693,1381.3216495984107,1584.955954575729,1373.491591432651
386,game_2023_144,PRO,SJU,2,0,0.91,0.23,4,6,9,3,1,0,1,0,0.57,1550.6540706153687,1373.491591432651,1559.136012051624,1365.0096499963956
387,game_2023_450,JAC,SJU,0,0,2.13,0.34,15,6,3,3,0,0,0,0,0.65,1523.3022262383383,1365.0096499963956,1532.4783304193063,1355.8335458154277
388,game_2023_43,MOB,SJU,0,1,0.57,1.49,5,9,9,8,0,0,1,0,0.5,1445.9848318837148,1355.8335458154277,1425.923942363395,1375.8944353357474
389,game_2023_408,BOI,SJU,0,0,1.39,0.06,15,13,2,2,0,0,1,0,0.53,1521.7568287632012,1375.8944353357474,1531.4082912131116,1366.242972885837
390,game_2023_384,AUG,SJU,3,0,2.91,0.33,17,5,3,2,0,0,1,1,0.61,1574.3911052571154,1366.242972885837,1581.8085811406356,1358.8254970023168
391,game_2023_329,SJU,SPR,2,3,0.63,2.02,6,18,6,5,1,0,2,0,0.53,1358.8254970023168,1566.6452212036095,1351.3972435099913,1574.073474695935
392,game_2023_121,MAN,SPR,0,0,1.44,1.03,18,11,2,7,0,0,0,0,0.44,1439.5740577061067,1574.073474695935,1461.4760598419248,1552.1714725601169
393,game_2023_173,PRO,SPR,1,2,1.47,0.54,14,5,9,1,0,0,0,0,0.47,1559.136012051624,1552.1714725601169,1542.815326107356,1568.4921585043849
394,game_2023_110,TOL,SPR,3,1,1.35,0.7,13,15,5,3,1,0,1,0,0.64,1542.9839547451604,1568.4921585043849,1560.1565448342194,1551.3195684153259
395,game_2023_300,FOR,SPR,1,0,2.15,0.14,21,13,7,3,0,0,1,0,0.77,1437.4530085963017,1551.3195684153259,1458.5167442995344,1530.2558327120933
396,game_2023_193,DES,SPR,1,4,1.12,0.73,8,11,4,3,0,0,0,0,0.61,1546.7522742035947,1530.2558327120933,1529.993155366338,1547.01495154935
397,game_2023_224,FAR,SPR,4,1,1.5,0.14,6,16,11,6,0,0,0,0,0.53,1537.0109400575686,1547.01495154935,1553.471514533888,1530.5543770730305
398,game_2023_390,JAC,SPR,5,2,2.45,0.15,12,16,1,3,0,0,0,0,0.66,1532.4783304193063,1530.5543770730305,1548.3897299990483,1514.6429774932885
399,game_2023_437,AUG,SPR,2,1,2.01,0.44,21,6,3,2,0,0,0,0,0.56,1581.8085811406356,1514.6429774932885,1594.7534549307575,1501.6981037031667
400,game_2023_476,WIC,SPR,1,1,1.73,0.57,13,3,1,7,0,0,0,0,0.56,1479.3384457890882,1501.6981037031667,1496.3667268602378,1484.669822632017
401,game_2023_352,LRO,SPR,1,2,2.53,1.39,11,7,3,3,0,0,0,0,0.72,1584.955954575729,1484.669822632017,1564.4617345481008,1505.1640426596452
402,game_2023_453,CHM,SPR,2,2,1.73,1.06,18,15,5,5,0,0,1,0,0.68,1453.142122047743,1505.1640426596452,1471.5200757574646,1486.7860889499236
403,game_2023_68,LAR,SPR,0,2,1.17,1.51,16,13,11,2,0,0,1,0,0.66,1605.3388994929462,1486.7860889499236,1584.08180698779,1508.0431814550798
404,game_2023_242,TAC,SPR,7,0,3.01,1.17,20,15,5,2,0,0,0,0,0.63,1397.9346491263138,1508.0431814550798,1418.8421268106983,1487.1357037706953
405,game_2023_24,MOB,SPR,1,0,1.42,0.7,15,6,6,4,0,0,1,1,0.67,1425.923942363395,1487.1357037706953,1444.7140395432248,1468.3456065908656
406,game_2023_259,LEX,SPR,0,0,1.4,0.53,14,7,6,4,0,0,0,0,0.45,1483.6590182419873,1468.3456065908656,1498.9542658782664,1453.0503589545865
407,game_2023_149,DOV,SPR,4,4,2.74,1.95,20,14,6,5,0,0,0,0,0.6,1529.8103487313097,1453.0503589545865,1542.331834294704,1440.528873391192
408,game_2023_403,SFS,TAC,2,2,1.86,0.91,15,14,1,5,1,0,2,0,0.6,1501.3104712646582,1418.8421268106983,1513.5824164160247,1406.5701816593319
409,game_2023_97,FAR,TAC,3,0,3.07,0.24,26,17,10,5,0,0,0,0,0.52,1553.471514533888,1406.5701816593319,1563.0827125209887,1396.9589836722312
410,game_2023_13,LRO,TAC,1,1,2.17,0.23,13,5,8,5,0,0,0,1,0.44,1564.4617345481008,1396.9589836722312,1573.2948036219982,1388.1259145983338
411,game_2023_151,ALB,TAC,1,0,1.66,0.56,17,10,5,2,0,0,0,1,0.41,1434.9734427601452,1388.1259145983338,1448.829014792846,1374.270342565633
412,game_2023_270,BAK,TAC,3,0,0.31,0.41,12,4,7,2,0,0,0,0,0.53,1452.9997117635737,1374.270342565633,1465.4348980234472,1361.8351563057595
413,game_2023_285,BOI,TAC,2,1,1.6,0.45,6,8,5,6,0,0,1,0,0.56,1531.4082912131116,1361.8351563057595,1540.165349726658,1353.0780977922132
414,game_2023_176,WIC,TAC,1,0,1.46,1.23,11,11,6,4,0,0,0,0,0.63,1496.3667268602378,1353.0780977922132,1506.1183476650149,1343.326476987436
415,game_2023_472,SAS,TAC,1,2,0.71,0.51,19,12,7,7,0,0,0,0,0.42,1524.138935403089,1343.326476987436,1500.4905486336334,1366.9748637568916
416,game_2023_261,JAC,TAC,2,0,2.06,0.7,19,3,8,2,0,0,0,0,0.64,1548.3897299990483,1366.9748637568916,1556.7199582925862,1358.6446354633538
417,game_2023_136,AUG,TAC,2,1,2.51,1.46,19,12,6,4,0,0,0,0,0.53,1594.7534549307575,1358.6446354633538,1601.2935579979012,1352.10453239621
418,game_2023_71,EUG,TAC,0,3,1.52,2.57,15,20,5,8,0,0,0,0,0.48,1435.7497337968643,1352.10453239621,1415.9704656463057,1371.8838005467687
419,game_2023_37,ANC,TAC,3,1,3.05,0.81,17,5,6,1,0,0,1,1,0.44,1626.848439281431,1371.8838005467687,1632.8418248987296,1365.8904149294701
420,game_2023_221,REN,TAC,1,1,1.65,0.4,20,13,7,4,0,0,1,0,0.49,1479.6264455063701,1365.8904149294701,1490.5681194579038,1354.9487409779365
421,game_2023_417,TUC,TAC,3,7,2.41,0.7,17,12,6,3,0,0,0,0,0.53,1433.205399557182,1354.9487409779365,1413.661280581713,1374.4928599534055
422,game_2023_343,FOR,TAC,3,1,2.89,0.9,21,16,5,8,0,0,0,0,0.62,1458.5167442995344,1374.4928599534055,1470.7210143636846,1362.2885898892553
423,game_2023_211,OAK,TAC,1,0,2.08,0.37,11,4,8,5,0,0,1,0,0.61,1516.967871958838,1362.2885898892553,1526.2807087226565,1352.9757531254368
424,game_2023_52,MAN,TAC,4,1,1.84,0.09,12,6,7,4,0,0,0,0,0.54,1461.4760598419248,1352.9757531254368,1472.6357712177767,1341.8160417495849
425,game_2023_415,DOV,TOL,2,1,0.74,1.77,12,17,4,6,0,0,0,0,0.48,1542.331834294704,1560.1565448342194,1559.151973123924,1543.3364060049994
426,game_2023_171,FOR,TOL,1,3,2.07,0.99,16,16,3,5,0,0,0,0,0.71,1470.7210143636846,1543.3364060049994,1458.017220275747,1556.040200092937
427,game_2023_148,MOB,TOL,1,2,2.18,1.17,20,11,9,3,0,0,0,0,0.48,1444.7140395432248,1556.040200092937,1433.6722611480163,1567.0819784881455
428,game_2023_132,JAC,TOL,3,1,0.53,0.63,6,9,4,2,0,0,1,0,0.59,1556.7199582925862,1567.0819784881455,1573.197005523031,1550.6049312577006
429,game_2023_312,SJU,TOL,2,3,1.41,1.43,10,17,6,6,0,0,0,0,0.56,1351.3972435099913,1550.6049312577006,1343.6824732596433,1558.3197015080486
430,game_2023_460,PRO,TOL,3,0,3.13,0.61,17,5,1,3,0,0,0,0,0.4,1542.815326107356,1558.3197015080486,1559.5288554013734,1541.6061722140312
431,game_2023_365,DES,TOL,1,2,1.22,1.17,17,5,3,5,0,0,0,0,0.5,1529.993155366338,1541.6061722140312,1514.5277554807922,1557.071572099577
432,game_2023_48,SFS,TOL,2,1,1.63,1.05,20,10,6,6,0,0,0,0,0.62,1513.5824164160247,1557.071572099577,1531.5747714987756,1539.079217016826
433,game_2023_22,MAN,TOL,3,1,0.67,1.53,19,18,9,9,0,0,0,0,0.53,1472.6357712177767,1539.079217016826,1491.6588406932467,1520.056147541356
434,game_2023_340,SPR,TOL,1,2,1.46,0.98,16,12,9,2,0,0,1,0,0.48,1440.528873391192,1520.056147541356,1428.128590067916,1532.456430864632
435,game_2023_284,LRO,TOL,3,0,1.93,0.54,15,9,3,4,0,0,0,0,0.62,1573.2948036219982,1532.456430864632,1587.4227407161545,1518.3284937704757
436,game_2023_58,ALB,TOL,1,2,1.09,1.91,7,15,10,9,0,0,0,0,0.52,1448.829014792846,1518.3284937704757,1435.98756702024,1531.1699415430817
437,game_2023_265,ANC,TOL,1,0,2.4,0.71,18,9,3,6,0,0,0,0,0.51,1632.8418248987296,1531.1699415430817,1644.2888897545254,1519.7228766872859
438,game_2023_197,LAR,TOL,0,0,1.36,0.86,11,6,3,7,0,0,0,0,0.53,1584.08180698779,1519.7228766872859,1597.1514099951778,1506.6532736798981
439,game_2023_92,CHM,TOL,2,1,1.88,0.81,15,8,3,1,0,0,0,1,0.6,1471.5200757574646,1506.6532736798981,1489.1325269885647,1489.040822448798
440,game_2023_212,LEX,TOL,0,3,1.7,0.18,20,6,8,2,0,0,0,0,0.46,1498.9542658782664,1489.040822448798,1482.4978587904734,1505.497229536591
441,game_2023_457,AUG,TOL,1,0,2.11,0.21,20,9,9,5,0,0,0,1,0.57,1601.2935579979012,1505.497229536591,1612.990470908245,1493.8003166262472
442,game_2023_399,REN,TUC,2,0,1.6,0.46,8,5,7,2,0,0,0,0,0.63,1490.5681194579038,1413.661280581713,1503.0831626053116,1401.1462374343052
443,game_2023_183,BOI,TUC,3,1,3.72,0.2,18,13,6,5,0,0,0,0,0.53,1540.165349726658,1401.1462374343052,1550.0843980583238,1391.2271891026394
444,game_2023_18,TAC,TUC,1,3,0.9,2.11,18,18,7,10,0,0,0,0,0.58,1341.8160417495849,1391.2271891026394,1328.0762913864485,1404.9669394657758
445,game_2023_440,FAR,TUC,1,0,0.84,0.34,2,1,6,8,0,0,1,0,0.49,1563.0827125209887,1404.9669394657758,1572.2654792161782,1395.7841727705863
446,game_2023_169,SFS,TUC,4,1,2.38,0.8,19,18,12,7,0,0,0,0,0.73,1531.5747714987756,1395.7841727705863,1541.6214696139073,1385.7374746554547
447,game_2023_101,SAS,TUC,1,0,1.44,0.65,15,14,7,4,0,0,1,0,0.5,1500.4905486336334,1385.7374746554547,1511.3901063201504,1374.8379169689376
448,game_2023_305,DOV,TUC,1,3,1.84,1.04,17,11,1,5,0,2,1,2,0.5,1559.151973123924,1374.8379169689376,1535.3797802823042,1398.6101098105576
449,game_2023_319,EUG,TUC,2,0,1.34,0.78,13,6,2,4,0,0,0,0,0.45,1415.9704656463057,1398.6101098105576,1431.1716564037288,1383.4089190531345
450,game_2023_455,OAK,TUC,2,0,1.07,0.67,15,10,7,5,0,0,0,0,0.53,1526.2807087226565,1383.4089190531345,1536.0486057261694,1373.6410220496216
451,game_2023_130,SJU,TUC,5,4,3.29,1.15,17,12,6,5,0,0,0,0,0.46,1343.6824732596433,1373.6410220496216,1361.0587062480383,1356.2647890612266
452,game_2023_202,TOL,TUC,4,1,2.33,0.11,30,3,8,4,0,0,1,0,0.46,1493.8003166262472,1356.2647890612266,1503.7779124920075,1346.2871931954662
453,game_2023_262,FOR,TUC,2,2,2.24,1.05,15,13,6,5,0,0,0,0,0.5,1458.017220275747,1346.2871931954662,1469.042192049127,1335.2622214220862
454,game_2023_227,ALB,TUC,3,3,0.51,1.12,5,9,3,0,0,0,0,0,0.4,1435.98756702024,1335.2622214220862,1415.4747229226343,1355.775065519692
455,game_2023_281,WIC,TUC,0,0,1.17,0.43,4,10,8,6,0,0,0,0,0.51,1506.1183476650149,1355.775065519692,1515.5968398724585,1346.2965733122483
456,game_2023_63,PRO,TUC,4,0,1.61,0.65,24,11,2,2,0,0,0,0,0.54,1559.5288554013734,1346.2965733122483,1566.7808761504753,1339.0445525631465
457,game_2023_371,BAK,TUC,2,1,1.62,0.32,23,8,4,6,0,0,0,0,0.56,1465.4348980234472,1339.0445525631465,1475.8582614913971,1328.6211890951965
458,game_2023_356,ANC,TUC,0,1,1.59,0.83,14,15,4,9,0,0,0,0,0.51,1644.2888897545254,1328.6211890951965,1616.761807651843,1356.148271197879
459,game_2023_376,TAC,WIC,0,3,1.32,1.63,21,9,7,3,0,0,0,0,0.5,1328.0762913864485,1515.5968398724585,1319.9607983482329,1523.7123329106741
460,game_2023_150,EUG,WIC,2,1,1.58,0.45,10,9,7,5,0,0,0,1,0.39,1431.1716564037288,1523.7123329106741,1451.3353122364551,1503.5486770779478
461,game_2023_331,FOR,WIC,3,0,3.04,1.06,20,17,6,9,0,0,0,0,0.44,1469.042192049127,1503.5486770779478,1486.6260700430676,1485.9647990840072
462,game_2023_342,SAS,WIC,2,0,0.83,0.36,10,8,3,2,1,0,1,0,0.38,1511.3901063201504,1485.9647990840072,1526.2213133195755,1471.133592084582
463,game_2023_260,MOB,WIC,2,0,1.91,0.88,5,5,3,3,0,0,1,0,0.56,1433.6722611480163,1471.133592084582,1451.390764764816,1453.4150884677824
464,game_2023_51,BAK,WIC,1,2,1.45,1.15,5,10,7,5,0,0,0,0,0.38,1475.8582614913971,1453.4150884677824,1458.8261503518293,1470.4471996073503
465,game_2023_471,REN,WIC,2,2,1.97,1.56,19,15,7,3,0,0,1,0,0.56,1503.0831626053116,1470.4471996073503,1517.584625857557,1455.9457363551048
466,game_2023_188,FAR,WIC,4,1,3.33,0.4,25,6,10,6,0,0,0,0,0.45,1572.2654792161782,1455.9457363551048,1583.1003142058153,1445.1109013654677
467,game_2023_124,AUG,WIC,3,1,2.61,1.03,17,13,4,10,0,0,0,0,0.54,1612.990470908245,1445.1109013654677,1621.8096753882785,1436.2916968854342
468,game_2023_194,OAK,WIC,5,0,2.78,0.47,19,14,2,6,0,0,0,0,0.53,1536.0486057261694,1436.2916968854342,1547.5768440302895,1424.7634585813141
469,game_2023_416,LEX,WIC,2,2,2.41,1.89,22,17,9,6,0,0,0,0,0.47,1482.4978587904734,1424.7634585813141,1495.8632966666423,1411.3980207051452
470,game_2023_205,BOI,WIC,1,3,2.36,1.2,16,10,6,3,1,0,1,0,0.35,1550.0843980583238,1411.3980207051452,1528.0165608341779,1433.4658579292911
471,game_2023_81,TUC,WIC,2,1,2.72,0.38,16,8,8,2,0,0,0,0,0.33,1356.148271197879,1433.4658579292911,1375.6512416624694,1413.9628874647008
472,game_2023_36,DOV,WIC,0,2,1.11,1.34,9,13,7,4,0,0,0,0,0.31,1535.3797802823042,1413.9628874647008,1514.0053514801366,1435.3373162668681
473,game_2023_269,SFS,WIC,1,1,2.84,0.3,26,2,8,6,0,0,0,0,0.54,1541.6214696139073,1435.3373162668681,1552.8740765941768,1424.0847092865986
474,game_2023_298,ALB,WIC,2,3,2.61,2.09,12,17,7,4,0,0,0,0,0.43,1415.4747229226343,1424.0847092865986,1399.871146299922,1439.688285909311
475,game_2023_428,ANC,WIC,1,0,0.94,0.27,15,16,3,2,0,0,0,0,0.44,1616.761807651843,1439.688285909311,1625.2469416327199,1431.203151928434
